class,token,mean_weight,n_samples,direction
negatif,tolak,0.401829,1,positif
negatif,malah,0.397753,2,positif
negatif,gangguan,0.367215,1,positif
negatif,sulit,0.356599,2,positif
negatif,disensus,0.291696,1,positif
negatif,ngagur,0.225872,1,positif
negatif,menit,0.220072,1,positif
negatif,memperlambat,0.214804,1,positif
negatif,hilang,0.213135,1,positif
negatif,kenapa,0.206234,1,positif
negatif,makin,0.17373,1,positif
negatif,selalu,0.16669,2,positif
negatif,semoga,-0.163307,2,negatif
negatif,kok,0.161463,1,positif
negatif,ngelag,0.158585,1,positif
negatif,kerjaan,0.154973,1,positif
negatif,harta,0.149895,1,positif
negatif,menghambat,0.146498,1,positif
negatif,sukseskan,-0.144415,1,negatif
negatif,wajib,0.144326,1,positif
netral,mantab,-0.483503,1,negatif
netral,alhamdulillah,-0.482702,2,negatif
netral,malah,-0.404526,2,negatif
netral,sulit,-0.366,2,negatif
netral,bermanfaat,-0.225907,1,negatif
netral,semoga,0.213187,2,positif
netral,gangguan,-0.212109,1,negatif
netral,memperlambat,-0.210731,1,negatif
netral,makin,-0.210486,1,negatif
netral,tolak,-0.202867,2,negatif
netral,disensus,-0.196207,1,negatif
netral,menit,-0.179102,1,negatif
netral,selalu,-0.179048,2,negatif
netral,kok,-0.175622,1,negatif
netral,ngelag,-0.162233,1,negatif
netral,harta,-0.155038,1,negatif
netral,wajib,-0.153224,1,negatif
netral,bazzerp,-0.150169,1,negatif
netral,kerjaan,-0.149617,1,negatif
netral,biar,0.145826,1,positif
positif,alhamdulillah,0.553772,2,positif
positif,mantab,0.500652,1,positif
positif,senang,0.23723,1,positif
positif,sukseskan,0.228303,1,positif
positif,jangan,-0.19244,1,negatif
positif,bermanfaat,0.164999,1,positif
positif,gangguan,-0.152546,1,negatif
positif,kenapa,-0.147475,1,negatif
positif,hilang,-0.145428,1,negatif
positif,ngagur,-0.113507,1,negatif
positif,mensukseskan,0.105615,1,positif
positif,disensus,-0.095489,1,negatif
positif,g,-0.09008,1,negatif
positif,fasih,0.090008,1,positif
positif,2026,0.08868,2,positif
positif,survey,-0.080293,1,negatif
positif,partisipasi,0.078682,1,positif
positif,all,0.077489,1,positif
positif,updeat,0.076643,1,positif
positif,hearts,0.075929,1,positif
