uid,label
b5763a4ce73401616f5e192d84c09b5f,positif
4665b24712c7956e18c65192dc1bc663,negatif
caf49f37a94c7aaa1bd9bc41ed437840,negatif
ebe951c13c8fee87250d2fde1c3a3ec8,negatif
4c8ca2864faf8583c3a37d7fec01defa,negatif
64206bd806dea857260bb0c6b8f83431,positif
7b928651b3e49a4dfd0c4a972617d5f2,positif
d33b171f177965f3aa16394592af1344,negatif
f2306b1827bb14aa639d8acff20fd7a2,negatif
5fc5e22f81b0b8fe9610b09d7e3b5c70,negatif
e7df731a418666ea90cd7bb06c3bf9d5,negatif
3f1cdfce1f3a1c389aaeafcb818ea13c,negatif
44e8f2afd594090ecff829102f7a4c4a,negatif
1cce95b5ad0b0bcee9f2598a977ab914,negatif
05c73e7563502659fe63f3c36dca7b6a,negatif
5bbad43bf16de692f1b15bd1df0e1f25,negatif
a0715c3778570bca7704ac2946c6c849,negatif
d8e8acd7b6bf0b81a2b50ba1dedf7e72,negatif
c2a2020cb6c3e6dbecccee817e1fd700,netral
8ce3c9acbf2b86b5c1559b5b8d23910d,negatif
eac8e66e1392ffe84316b062683230ea,negatif
51079f614660010d87f88ba0577da226,positif
025a7396430f594c8eaddde365aa193e,negatif
5ccd4b1484ba0bb7cffde099aea76b80,netral
72fb3a5023ba20090663d5bbe9a8d19e,negatif
0b89a452d6ac4fe66a761bedcaa81883,netral
f5e83db1e86f7e2dcdd5fea43cef81ea,negatif
e05445e6432f0cc2674c61c847eecf2b,negatif
2165cd7892c4cfadf53859292c55cbd1,negatif
0226020e64e5b3d372a5d30138fd914a,negatif
64665ff6c80f1c5d4952579b6f247236,negatif
fff2f4856cdcb10ad5ada3febd8f88c6,negatif
103c4cad8a10cd35900b335f6921fbb0,negatif
4943cee02ecfa515ee46e0b1d59dc862,negatif
daf7c12b9a409439110357961cb7d5bc,negatif
8639230c088268efce7677c6a2e5b8e3,positif
2276f687ebcea6e60b40d7ee8c0fbabf,negatif
9c50cb3b77123380c51a2c6a17ea6161,negatif
867e21a5b74570761aad08d33d07377b,positif
e9d5abfaeb2f4a17fdb09f580dd4f995,netral
641e29c57ba312de4566db7b3badc928,negatif
e8026babbf162a76c8d4608cb05471f5,negatif
9c4f6081c77b7a84d3a3e5dbc19cac54,negatif
8882207f6be8731c161a1a29bcbd2729,netral
201d3d45f60b5cc23c72a945e8c710e1,positif
f7f7826c3aa48ceec22803e962a7507d,negatif
83236beb79eac6f3d51132361197b190,negatif
ecdee673988c023b758b34477165d78f,positif
64bcacaeab2beafb0863cd61a595c144,negatif
68579a9304af0360d1346fe0ab223bac,netral
dcb3dbcabc11f64b81d4e16eab7dfc69,negatif
5d190a631736c591b1a83a4ce5f56416,negatif
92fd53830f9c89308549a631946df9f0,negatif
259f44640d806c21de938be50454f67b,positif
6e71db5e8ce126f9dff1717124fbc170,negatif
7016851aeb3275d8f1b2b948621a08db,netral
efbe35a91084869e4a5592e200d74a65,netral
52e128ae8db3ed2bd748964f767ca400,netral
6be9f1f871313d779a1cfce4022f6b67,netral
1998373712693c5c4ba5b2023cc3259e,netral
527701e17096f32cf4cf7601f8cd8b2a,netral
8a7c566604a9bc9758618e865c8c16a5,netral
9de7df44df0ec293b7cc3a85e92a04d5,netral
dbe8c3c10d693a89d2f48736d0d7a4db,netral
65de0a7b185567fbf47e38659f5d689a,netral
588d6958f555207a537e7df554e9ca4f,netral
948fb02c9b89ecb3d644f22b1e038ba9,netral
eb591c1d9a358a3e1a5e1488c856b042,netral
3b2309e968feff5fb7ac5d0772a4303f,netral
8cde49eb85064d852013d874878785ae,netral
35a1c05f630972deee7f8049d8d2ea8a,netral
eb59289753f2c55f4f58f602343ad99d,netral
0a9c6c9bf33c04a8e959c273e531e74c,netral
733533f44137330557eb69f35699a1d2,netral
3fa306e8d0f7faa3203d957249d61ec7,netral
ecea4c248c91abd54a3188606602f9ae,netral
29352d2c1b2790b37db41ca4e231911a,netral
d15e89a92b2ba40381539bf2e22f39fa,netral
ff0c512abe43be53f62dc00be20d354d,netral
f61d4e0faea1a6f39c8b045567c43948,netral
c0ecbc25c202f8320928329a2695d7df,positif
9e213aafe7b19998b0e4aae624ebb332,netral
b2933cbff28db89de81d6b501c8ca915,netral
2df8730f936e9ff3bd563d5560156bc1,netral
5840255ef9c43b90cc204ba931dbddb3,netral
c2c973a9ea9aa2fe97f0f075fb94d3bf,netral
299a4dc11cba626b11a646595c17fd8d,netral
e97590fbddeb27f522ff57cb5b960a1c,netral
8c764e18faf7e100f93a4965e54125f4,netral
aff28290c1827e97505be94c0171ec46,netral
2f43d714992b6f50d2b033e7ec6fa54d,netral
0825a346dbfa590a9a33c7b7351f08eb,netral
6023aa62401c6aeaf8e788ca3cb050cb,netral
24fd57163a350a91cae3ab99a7854a5e,netral
3a63d11bf4c2eed0bed89d62cd0fee1a,netral
2034d086c703134585d855d9a8e75f5d,tidak_relevan
3e523515ab2eaaa9674d729648a2c927,tidak_relevan
8960ef04245700a218fec1141fe745ce,tidak_relevan
071e0bbf31301da1bd4b530700ce94dd,tidak_relevan
9378c65b8293662fa07ed212a12bc648,tidak_relevan
