uid,label,p_negatif,p_netral,p_positif
a5e252e28fb5c57fe07fdf14c70001bf,positif,0.0063,0.1353,0.8585
7001cbd5abd77be83ceec271d1051777,negatif,0.7764,0.1773,0.0463
35471b55ad887e39ef16ddebd03cbc21,netral,0.0145,0.9815,0.004
7f17c94e52503b1534e78b6332cf5ad5,negatif,0.662,0.311,0.0269
a4bc8dd6c9ec55e2cad86d12c5071b48,negatif,0.7529,0.2187,0.0285
ad5ff4974a2208d277b57c56167c65c2,netral,0.0029,0.9886,0.0085
7f54c5e7d21b57c656e4fd198a2d2f52,negatif,0.8287,0.1378,0.0335
16f92ae482456583aa547cc526205717,negatif,0.7565,0.1889,0.0545
5d8a746960e2b49a6cd3b9b9cd0a27af,netral,0.0405,0.9513,0.0082
5a37eed7513cc9fbd2588be2fe47dcfd,negatif,0.8502,0.1149,0.0348
abd8b0f6e54b41e1afc23dbb890a7f1a,negatif,0.8497,0.1127,0.0376
f626a28f4af8c579fd691082a1760709,netral,0.0252,0.9573,0.0174
1cb6823d2fe9b0d3a66e81e1ef35885c,negatif,0.7208,0.2186,0.0607
90b56e56773ed1c92e4d0e832d2dfdd8,negatif,0.8282,0.1304,0.0414
e99135906f5d3ed472e7993da0491583,netral,0.0279,0.9663,0.0058
be808644b10d6b6f980f5274dc54c0a1,negatif,0.8226,0.1368,0.0405
60dcc1011c71df15da641bd3dbe252a8,negatif,0.6446,0.3274,0.028
e0b8dc4072e04062bfda1d0cea8be51a,negatif,0.794,0.1628,0.0432
e3ae3829ecbcd2808edc47aa50b3051f,negatif,0.8388,0.125,0.0363
264819251a6a84d26cb2bdd9c34ea40d,negatif,0.8454,0.1231,0.0316
98da49bfda2a726ced0ed25b5f1d38d3,negatif,0.5227,0.4487,0.0286
d5c4bf8f7c4c4a5c2579fd819b6cb8f7,negatif,0.8493,0.1167,0.034
478765b779beebb424c93e75cd139fe1,netral,0.1079,0.8858,0.0062
2559067a44f1bd8e8010f91e75f50078,negatif,0.8436,0.1237,0.0327
8f6ac91a2ed509b1f0ac6db75840b484,netral,0.1099,0.8793,0.0108
f84c3b2a354eefb1983bc37e93ab9cee,negatif,0.7585,0.1942,0.0473
4b8eaadae54207e7d28d5d730c323a61,netral,0.2762,0.4695,0.2543
a76d5e5bf40c641e622746ab820a1910,positif,0.0065,0.0516,0.9419
daea14fc793df0f8aac4afb3c5346725,positif,0.0693,0.212,0.7186
c96e4915d4cd90e860d6688b6555e2f8,negatif,0.8185,0.1467,0.0348
29b675bd318269640171e0a5066bf82f,positif,0.0047,0.0513,0.944
2bbde4aa76e4a695aa96472d15875f3d,negatif,0.5383,0.4322,0.0296
50288355d388c38a6171913c4935d9fa,negatif,0.491,0.4738,0.0352
409ca50fbff6a797ba6a5b2f6852ee07,netral,0.0155,0.9787,0.0058
d86cab6546725b9b2bb13a69cd2d2287,netral,0.0055,0.986,0.0085
9174755ebdacdb911b60e32c641a879c,negatif,0.8298,0.1345,0.0357
f9d9e137073d3e91af0ef63b6c40e262,netral,0.3325,0.6401,0.0274
e767dd3e41def2fbe4628eb05a3a9250,negatif,0.7511,0.2103,0.0387
01230b0a1dbe82835933733c379a1899,negatif,0.8156,0.1377,0.0467
1977f97db5d4cbbb2da6721e92c032a3,negatif,0.8464,0.1163,0.0372
57b5cbec88cc30484c9dca4b44611214,positif,0.0057,0.0548,0.9395
6ff717f5dbe2a600c1b22bfdba226c28,negatif,0.8021,0.1674,0.0304
91fdef403468f32dd4af1db08f3263a3,negatif,0.8233,0.1363,0.0404
2cb794f617446f9b753f6ae516405dda,negatif,0.5692,0.3074,0.1234
d258ac3ce0a95095a9d8fdc02a852a03,negatif,0.8269,0.1392,0.0339
00505aea753ede3a4d20f609f5765da5,positif,0.1393,0.1071,0.7536
4ab25005273a594aa5b867675a592a79,negatif,0.7341,0.2313,0.0346
bf124ea8e1f2a21eb9bf76c25aac66ab,negatif,0.8458,0.118,0.0363
4e4d090938f6e3e7c83d5d349a6bdcbe,netral,0.4838,0.4952,0.021
afdfae0c2514698768685eb653c6d910,netral,0.0524,0.6305,0.3172
4567485c99ecc670306003110e9e2cf2,negatif,0.8074,0.1593,0.0334
d205a860bfad37a7449982b37dbec095,negatif,0.824,0.1317,0.0443
b6771478bcab1c0d8143379059adebdc,positif,0.0046,0.0585,0.9369
8f911c688a0291ca1b109416c765b11a,negatif,0.8278,0.1376,0.0346
4661329284131417073d72eb0f7ea69b,negatif,0.7767,0.1695,0.0537
6a17384cf62d0990ca300023a8b9face,netral,0.0044,0.9903,0.0053
0d739f618f3b1acc3b8da6ea4fb5d6f3,netral,0.0158,0.9801,0.0041
ca9c18345f8ea80c750be08dd0233eb2,negatif,0.8421,0.1273,0.0306
12487c1f55c29f7338b8622ceccfcef3,negatif,0.8483,0.1199,0.0318
0a4d376f64379e8fb40f76c1cfcd9e49,positif,0.1717,0.271,0.5572
dcabb772abe400095f222eddffa9d0ff,netral,0.25,0.7314,0.0186
9913909af0161a3b5f51b50df2b9c592,negatif,0.826,0.1356,0.0384
692885a530d7acc02633e855f5f61bbc,netral,0.0168,0.974,0.0092
47395601abda587d0d5b37ceeeec3dbb,negatif,0.8178,0.1342,0.048
671b8d331c3ac10d2700a7abcac17ddc,netral,0.0036,0.9852,0.0112
a9387474b09b1125fb1e542729cdbf7b,negatif,0.5077,0.1461,0.3462
d66d2386edf5619b69c6033a1c72321b,negatif,0.8014,0.1693,0.0293
234324fed763b6a7ba056f850693a848,negatif,0.6303,0.2881,0.0816
9e45269bb433dc448d7749c88d8bd2d8,netral,0.0905,0.9028,0.0067
96a0db4f038739f452ae6709aa8433fd,negatif,0.7997,0.1409,0.0595
7ee29b4a4e25d6a2f7818a843d36a07f,negatif,0.6031,0.3559,0.041
87e8e3cf6703a60e84d004cc0b5adbb9,negatif,0.8293,0.1231,0.0475
dcf4aa46fdc4e1829be5cc8f2167799e,positif,0.0059,0.045,0.9491
c547b129ff40d12b7178eb113e831b52,negatif,0.772,0.1994,0.0285
79cbedc5d03cc3181293b0a157f88ae2,negatif,0.4978,0.4813,0.0209
76e9a6f53294ff383a2371abaea27d7e,negatif,0.8123,0.1471,0.0406
35319e287ea2666e9f2d26053500e424,netral,0.0085,0.9807,0.0108
d4b90a389eac0874119cf41de3d11950,negatif,0.8125,0.1506,0.0369
3d35cb2ebd5e1530f709f3e593971e2b,negatif,0.8326,0.1384,0.029
b4bf3f068f01e05e80b01b253e9e8a98,negatif,0.8292,0.1239,0.0469
57f1d1c0e160e34e88c274d7ac727acc,negatif,0.8043,0.1673,0.0284
27ae6a316dcf20e519df0ec69fa60e2c,negatif,0.7546,0.1997,0.0457
2ee8da6e812cdf43c14e1f0f3ddad744,positif,0.0098,0.05,0.9402
024b1ca268cb6a2cad8b5f560528ca69,negatif,0.7695,0.1938,0.0367
8f7b5bdbd987225ab017c9a8dbe9e97b,negatif,0.7321,0.1957,0.0722
7bccb95cfcd387679d24ee450bf43190,positif,0.0065,0.0465,0.9471
89de4911e8a017eb87d7bea2210dcb2a,negatif,0.8298,0.1453,0.0249
ae0fc1091187d4599d8f61b7a8f54ccc,negatif,0.8337,0.1387,0.0277
f7b444f5408cf1ff574a9a13160e49bb,negatif,0.7578,0.2163,0.0259
4ada6598383cc7763b34ce7b0d9bc2a9,negatif,0.833,0.1346,0.0323
98fb143ed66249afb88cd041b73ac685,negatif,0.8449,0.1265,0.0286
a8305bc8eefaa2e931f9a9173a4c1e0b,negatif,0.777,0.1539,0.0691
63ef9814ca4053297284b2f3a249c3da,negatif,0.8331,0.1326,0.0342
a8d671d46fc2b7efcc4472dfd646217a,negatif,0.6098,0.3684,0.0218
10b903f6d29e02371d5c6bb43857cda7,netral,0.0053,0.986,0.0087
d013c01f2e34ed1c1f859a02577ed086,negatif,0.841,0.1287,0.0303
6ecfefd0e461e867fa637c17ef86998e,negatif,0.7176,0.2432,0.0393
ea59c99ef7bfc80126c5ed56abf1ae6c,negatif,0.8075,0.1608,0.0317
fe220ea38d1b0125ad7889caa0e22209,negatif,0.8166,0.1414,0.042
94df463e4ae68adad6e27283bd8647b1,negatif,0.7538,0.2182,0.028
