uid,source,text,text_clean,created_at,url,konteks,label_manusia,catatan
8c764e18faf7e100f93a4965e54125f4,youtube,Saya kurang paham di pengisian nilai aset 28.b selain tanah dan bangunan( pengeluaran dan pendataan aset tahunan?,saya kurang paham di pengisian nilai aset 28 b selain tanah dan bangunan pengeluaran dan pendataan aset tahunan,2026-07-15T00:00:00+00:00,https://www.youtube.com/watch?v=4QxXhZ7dh1U&lc=UgxKp5JcIo0ed47aZ-N4AaABAg,video: || WHAT ARE THE NON-FOOD EXPENSES ❓ || SE2026 SOCIO-ECONOMIC FAMILY SURVEY DOCUMENT FILING‼️ · kanal: Uzma Ulya · komentar utama,netral,
1998373712693c5c4ba5b2023cc3259e,threads,Semangat buat pejuang data.,semangat untuk pejuang data,2026-06-15T17:09:07+00:00,https://www.threads.net/t/DZnN5UCCXRl,,positif,
ff0c512abe43be53f62dc00be20d354d,youtube,"pak, maaf, saya udh di bagian evaluasi pelatihan untuk unduh sertifikat, tp kenapa selalu gagal pdhl sdh saya isi 🙏",pak maaf saya sudah di bagian evaluasi pelatihan untuk unduh sertifikat tp kenapa selalu gagal pdhl sdh saya isi folded hands,2026-06-15T00:00:00+00:00,https://www.youtube.com/watch?v=Y479EiUCptA&lc=UgwQsKIcrmHPgpjREod4AaABAg,video: Tutorial on Using the Gojags Classroom Website for Training 2026 Economic Census Officers! · kanal: MH Channel Official · komentar utama,negatif,
4943cee02ecfa515ee46e0b1d59dc862,threads,"Asliii beneer kak, kontrak tertulis selesai 31Agustus eh ini ngulur2 waktu ada aja yg dicari harus penyisiran lg lah, cek sticker lg lah, coba gali usahanya lah. Padalah dari awal saya niat ikut jadi mitra bps ingin bekerja sejujurnya, sesuai kondisi dilapangan.",asliii beneer kak kontrak tertulis selesai 31agustus eh ini ngulur ngulur waktu ada saja yang dicari harus penyisiran lg lah cek sticker lg lah coba gali usahanya lah padalah dari awal saya niat ikut jadi mitra badan pusat statistik ingin bekerja sejujurnya sesuai kondisi dilapangan,2026-09-10T10:52:27+00:00,https://www.threads.net/t/DdFmde-Erjq,,negatif,
fff2f4856cdcb10ad5ada3febd8f88c6,threads,Bulan pertama nyensus isu pajak naik Bulan kedua desil naik Bulan ketiga gajian ga turun2,bulan pertama nyensus isu pajak naik bulan kedua desil naik bulan ketiga gajian tidak turun turun,2026-09-08T04:27:17+00:00,https://www.threads.net/t/Dc_H9hDmXX5,,negatif,
c2c973a9ea9aa2fe97f0f075fb94d3bf,youtube,"K, di modul mengatakan biaya pengeluaran dan pendapatan yg qt tulis adalah peryahun tapi pj saya memberikan pendapat yg berbeda yaitu rata2 perbulan. Yg benar yg mana ya k?",k di modul mengatakan biaya pengeluaran dan pendapatan yang qt tulis adalah peryahun tapi pj saya memberikan pendapat yang berbeda yaitu rata rata perbulan yang benar yang mana ya k,2026-07-15T00:00:00+00:00,https://www.youtube.com/watch?v=ml2ZpJu9Its&lc=UgynFTWil62PI_xeCbh4AaABAg,video: || CALCULATING EXPENSES & REVENUE BASED ON CASE STUDIES ‼️ || DETAILS 26 & 27 SE2026-L · kanal: Uzma Ulya · komentar utama,netral,
3f1cdfce1f3a1c389aaeafcb818ea13c,playstore,setelah di perbaharui kok malah susah masuk nggak bisa login lagi ini gimana. mana masa2 genting tolong uyyyy aplikasi iniii,setelah di perbaharui kok malah sulit masuk tidak bisa login lagi ini bagaimana mana masa masa genting tolong uyy aplikasi iniii,2026-08-13T01:45:38+00:00,https://play.google.com/store/apps/details?id=id.go.bpsfasih&reviewId=e81fa4f1-c871-416f-aab4-63ce8288cebf,versi aplikasi: 2.17.0,negatif,
5840255ef9c43b90cc204ba931dbddb3,youtube,Bagaimana mau melihat kembali foto2 lantai dan atap rumah yg sudah di aploud ya???? mohon penjelasan pak,bagaimana mau melihat kembali foto foto lantai dan atap rumah yang sudah di aploud ya mohon penjelasan pak,2026-07-15T00:00:00+00:00,https://www.youtube.com/watch?v=W7Hy4CKD8ig&lc=Ugzc0QBK-nRDPmfXMNV4AaABAg,"video: VERSI HP, TUTORIAL PENDATAAN MENGGUNAKAN APLIKASI FASIH · kanal: BPS KAB SUMEDANG · komentar utama",netral,
f5e83db1e86f7e2dcdd5fea43cef81ea,threads,"Udh capek mendekati hari akhir ga perlu ribett, ngapain maksa org yg gamau",sudah capek mendekati hari akhir tidak perlu ribett ngapain maksa orang yang gamau,2026-08-27T10:36:32+00:00,https://www.threads.net/t/DcgGxKNEtNe,,negatif,
64bcacaeab2beafb0863cd61a595c144,youtube,Terarah matane kuwi,terarah matane kuwi,2026-07-15T00:00:00+00:00,https://www.youtube.com/watch?v=_Xget9lvyDM&lc=UgwPJz28Wrs8qCSY5e14AaABAg,video: BPS: Sensus Ekonomi Bukan untuk Pajak! | Sindo Malam | 29 /06 · kanal: SINDOnews · komentar utama,negatif,
0a9c6c9bf33c04a8e959c273e531e74c,threads,Bukanya itu masa2 PML melakukan upprove dan PPL melakukan perbaikan kalau dirijek.,bukanya itu masa masa pml melakukan upprove dan ppl melakukan perbaikan kalau dirijek,2026-09-10T15:56:14+00:00,https://www.threads.net/t/DdFmde-Erjq,,netral,
2f43d714992b6f50d2b033e7ec6fa54d,youtube,dihitung 2 keluarga,dihitung 2 keluarga,2026-07-15T00:00:00+00:00,https://www.youtube.com/watch?v=3F8suSmXme4&lc=Ugzg5MwyvLHYgrIYqy94AaABAg.AYYdehIYEGpAYYeGEm-8fl,"video: || EFFICIENT TREATMENT & USE FOR 1 HOUSE WITH 2 FAMILIES AND A BUSINESS ‼️ || DOOR-TO-DOOR OVERVI... · kanal: Uzma Ulya · balasan atas: ""Kak kalau suami istri nikah siri dan kk nya beda gimana kk""",netral,
201d3d45f60b5cc23c72a945e8c710e1,youtube,please jangan pada ribet sendiri kalau ada petugas sensus dateng tinggal dilayanin sebentar doang kok demi kemajuan dan kestabilan ekonomi kita bareng bareng,please jangan pada sulit sendiri kalau ada petugas sensus dateng tinggal dilayanin sebentar saja kok demi kemajuan dan kestabilan ekonomi kita bareng bareng,2026-07-15T00:00:00+00:00,https://www.youtube.com/watch?v=TOuikb9xt2Y&lc=Ugzw9F-_S3t3MTeuLMp4AaABAg,video: Sensus Ekonomi 2026 Resmi Dimulai | Fokus · kanal: Fokus Indosiar · komentar utama,positif,
071e0bbf31301da1bd4b530700ce94dd,youtube,"Masyaallah 
Keren Buk Medong 👍👍👍",masyaallah keren buk medong thumbs up thumbs up thumbs up,2026-07-15T00:00:00+00:00,https://www.youtube.com/watch?v=VfFWXjYcEYI&lc=UgystP71RHQ-MO0Qrpt4AaABAg,video: [ICFF 2026] Urip Iku Urup - BPS Provinsi Daerah Istimewa Yogyakarta · kanal: BPS Statistics · komentar utama,positif,
35a1c05f630972deee7f8049d8d2ea8a,threads,"Kalau di daerahku dulu pas mau termin 1 (40%) ada beberapa organik bps yg turun lapangan langsung buat mastiin kualitas datanya, datang ke 1 atau 2 responden, nanyain ini itu ke responden gitu kak. Dulu nggak semua sls diuji petik sih, cuman beberapa sls aja, gak tau kalau sekarang.",kalau di daerahku dulu pas mau termin 1 40 persen ada beberapa organik badan pusat statistik yang turun lapangan langsung untuk mastiin kualitas datanya datang ke 1 atau 2 responden nanyain ini itu ke responden begitu kak dulu tidak semua sls diuji petik sih cuman beberapa sls saja tidak tau kalau sekarang,2026-09-05T02:25:40+00:00,https://www.threads.net/t/Dc4qDJ5AUIC,,netral,
52e128ae8db3ed2bd748964f767ca400,playstore,tolong aplikasinya ngefreze,tolong aplikasinya ngefreze,2026-06-25T14:50:06+00:00,https://play.google.com/store/apps/details?id=id.go.bpsfasih&reviewId=5613c9ae-9e44-4ccd-9047-294eaa8bd90e,versi aplikasi: 2.16.4,negatif,
daf7c12b9a409439110357961cb7d5bc,threads,"Terus sekarang suru nyariin, kok usahanya berkurang. Capek deh",terus sekarang suru nyariin kok usahanya berkurang capek deh,2026-09-10T13:51:32+00:00,https://www.threads.net/t/DdFmde-Erjq,,negatif,
641e29c57ba312de4566db7b3badc928,youtube,"​ @AdindaMissy  q nanya dimana2 jawabannya ngga ada yg jujur kak, menurutku terbuka aja ya kan ngga apa2 biar transparan dan kita tahu dalam 2,5 bulan itu digaji totalnya berapa 3/5/6 atau berapa juta

Atau yg dulu pernah sensus kan bisa disampaikan ya dapatnya berapa tujuannya buat gambaran kita aja",q nanya dimana dimana jawabannya tidak ada yang jujur kak menurutku terbuka saja ya kan tidak apa saja biar transparan dan kita tahu dalam 2 5 bulan itu digaji totalnya berapa 3 5 6 atau berapa juta atau yang dulu pernah sensus kan bisa disampaikan ya dapatnya berapa tujuannya untuk gambaran kita saja,2026-06-15T00:00:00+00:00,https://www.youtube.com/watch?v=K1mKcMU3VTU&lc=UgyF42OQYhnSjIR5JMt4AaABAg.AX3EUQqAA5sAX59hVFMr3S,"video: IMPORTANT BPS UPDATE INFO‼️|| SE2026 OFFICER WORK CONTRACT|| BPS PARTNER 2026 · kanal: Uzma Ulya · balasan atas: ""​ @uzmaulya7507 unk gaji apakah dibayarkan setelah menyelesaikan kontrak 2,5 bulan dan target perbulan terpenuhi???""",netral,
64206bd806dea857260bb0c6b8f83431,playstore,luar biasa,luar biasa,2026-07-17T19:51:27+00:00,https://play.google.com/store/apps/details?id=id.go.bpsfasih&reviewId=871a6fff-ac3f-4a3d-9dae-22633d9b7e0f,,positif,
8a7c566604a9bc9758618e865c8c16a5,threads,Kak ada g yg buat tukang kayu seperti tukang kusen pintu / jendela. Mau ya kalau ada,kak ada g yang untuk tukang kayu seperti tukang kusen pintu jendela mau ya kalau ada,2026-07-07T01:26:05+00:00,https://www.threads.net/t/DZg_pqEDt9h,,tidak_relevan,
7016851aeb3275d8f1b2b948621a08db,playstore,"pada pengambilan Foto , mengapa selalu harus Ambil 2 atau 3 x.... ?",pada pengambilan foto mengapa selalu harus ambil 2 atau 3 x,2026-06-18T00:35:38+00:00,https://play.google.com/store/apps/details?id=id.go.bpsfasih&reviewId=05087363-e2aa-4d88-9300-3c8dac2d9992,,negatif,
e7df731a418666ea90cd7bb06c3bf9d5,playstore,"tolong clear data tidak valid mending diberikan ke PML dari pada ke BPS daerah, lama banget prosesnya, kita disuruh cepet tapi dibikin lambat sama proses",tolong clear data tidak valid mending diberikan ke pml dari pada ke badan pusat statistik daerah lama sangat prosesnya kita disuruh cepet tapi dibikin lambat sama proses,2026-08-13T01:35:08+00:00,https://play.google.com/store/apps/details?id=id.go.bpsfasih&reviewId=43565f1b-d2f2-47f7-bfb3-3cd8bb6f3370,versi aplikasi: 2.16.8,negatif,
e05445e6432f0cc2674c61c847eecf2b,threads,Saya menolak juga dengan alasan karena adanya non-petugas(sipil) yang ikutan mendata dan bertanya. Entah di sisi mana yang katanya rahasia dan aman itu.,saya menolak juga dengan alasan karena adanya non petugas sipil yang ikutan mendata dan bertanya entah di sisi mana yang katanya rahasia dan aman itu,2026-08-29T09:41:17+00:00,https://www.threads.net/t/DcgGxKNEtNe,,negatif,
c0ecbc25c202f8320928329a2695d7df,youtube,"semangat ka... lintas kecamatan berarti ya...

bismillah dilancarkan, saya juga sudah biasa tugas lintas kecamatan ko",semangat ka lintas kecamatan berarti ya bismillah dilancarkan saya juga sudah biasa tugas lintas kecamatan ko,2026-06-15T00:00:00+00:00,https://www.youtube.com/watch?v=HZoIT9gm_sM&lc=UgzmtHAfUYfwH6dDdDp4AaABAg.AXOO9Qpe0daAXOOdxFywjj,"video: || SE2026 INFO UPDATE‼️ || PPL & PML DUTIES || FIELDWORK WORKLOAD · kanal: Uzma Ulya · balasan atas: ""sudah di terima cuma dapat kena oper di beda kecamatan, 😮‍💨""",positif,
588d6958f555207a537e7df554e9ca4f,threads,"terus kalau udah tau, bakal diapain sama mereka?",terus kalau sudah tau bakal diapain sama mereka,2026-07-16T10:35:43+00:00,https://www.threads.net/t/Da10PdNAXFB,,netral,
f7f7826c3aa48ceec22803e962a7507d,youtube,BNR sensus koruptor. Gassss KEUN  uang 💸💰 triliun rupiah. Habis di rampok pejabat,benar sensus koruptor gass keun uang money with wings money bag triliun rupiah habis di rampok pejabat,2026-07-15T00:00:00+00:00,https://www.youtube.com/watch?v=IB7TTBQwHXk&lc=Ugw62J5nPGES9-LKDPJ4AaABAg.AYdR7RQcyg7AYfi3n5LYp5,"video: Sensus Ekonomi, Ditanya Apa Saja? | Liputan 6 · kanal: Liputan6 · balasan atas: ""Sensus Koruptor kapan dilakukan ? Pemerintah yang sangat-sangat korup, kok malah rakyat yang disensus ?""",negatif,
2df8730f936e9ff3bd563d5560156bc1,youtube,Kak gimana kalau dia punya usaha kos kosan diluar daerah apakah pas pertanyaan pertama ada yg pertanyaan apakah memiliki usaha kos2 an ?gausah dicentang iya tp dicentang tidak?,kak bagaimana kalau dia punya usaha kos kosan diluar daerah apakah pas pertanyaan pertama ada yang pertanyaan apakah memiliki usaha kos kos an gausah dicentang iya tp dicentang tidak,2026-06-15T00:00:00+00:00,https://www.youtube.com/watch?v=hTeaDSz2L0Q&lc=UgyJ93_Tr6pNBYaIoTV4AaABAg,"video: || DATA COLLECTION TREATMENT IN BKU, BTT || FAMILY IDENTIFICATION METHOD ❗||DOOR TO DOOR DATA COL... · kanal: Uzma Ulya · komentar utama",netral,
7b928651b3e49a4dfd0c4a972617d5f2,playstore,Peningkatan keandalan aplikasi fasih dlm proses pendataan di lapangan,peningkatan keandalan aplikasi fasih dlm proses pendataan di lapangan,2026-07-22T20:03:34+00:00,https://play.google.com/store/apps/details?id=id.go.bpsfasih&reviewId=92bfe4c6-30e9-46ec-aafc-5c65ea32bc37,,positif,
efbe35a91084869e4a5592e200d74a65,playstore,ok bps,ok badan pusat statistik,2026-06-23T14:17:12+00:00,https://play.google.com/store/apps/details?id=id.go.bpsfasih&reviewId=a65b1b6b-2ad9-4715-a64d-822c6a6af047,versi aplikasi: 2.16.3,tidak_relevan,
64665ff6c80f1c5d4952579b6f247236,threads,Tetep dibayar ya kak mungkin mundur gt aja,tetep dibayar ya kak mungkin mundur begitu saja,2026-09-07T13:42:34+00:00,https://www.threads.net/t/Dc_G3NniTWo,,netral,
299a4dc11cba626b11a646595c17fd8d,youtube,"tidak ada isian karena sebagai usaha kategori I maka 26 c tidak muncul difasihnya, 26 c muncul jika kategori usahanya perdagangan",tidak ada isian karena sebagai usaha kategori i maka 26 c tidak muncul difasihnya 26 c muncul jika kategori usahanya perdagangan,2026-07-15T00:00:00+00:00,https://www.youtube.com/watch?v=ml2ZpJu9Its&lc=Ugx-I2xc7CVO7o9hRox4AaABAg.AY86E7Xgj-ZAY9_k9kRVWr,"video: || CALCULATING EXPENSES & REVENUE BASED ON CASE STUDIES ‼️ || DETAILS 26 & 27 SE2026-L · kanal: Uzma Ulya · balasan atas: ""Kak 26.c biaya pembelian barang yg terjual blm terisi.. Itu berapa..?? 0 kah??""",netral,
9c50cb3b77123380c51a2c6a17ea6161,threads,Aku takut bgt kalau isian didalamnya pda salah,aku takut sangat kalau isian didalamnya pda salah,2026-09-13T02:10:15+00:00,https://www.threads.net/t/DdL3gwsgNpH,,negatif,
2165cd7892c4cfadf53859292c55cbd1,threads,"Langsung ribet nanti, ngurus nya,pdhl masih hidup,kl saya nggak tega sih,KLO nolaknya halus, mending dibuat pindah aja sementara.",langsung sulit nanti ngurus nya pdhl masih hidup kalau saya tidak tega sih kalau nolaknya halus mending dibuat pindah saja sementara,2026-08-30T06:42:22+00:00,https://www.threads.net/t/DcgGxKNEtNe,,netral,
4665b24712c7956e18c65192dc1bc663,playstore,eror terus aplikasi,eror terus aplikasi,2026-06-29T15:32:52+00:00,https://play.google.com/store/apps/details?id=id.go.bpsfasih&reviewId=7fcf3f22-be52-4214-a673-44f8ff4d616a,,negatif,
8639230c088268efce7677c6a2e5b8e3,threads,"Ada kak, Alhaamdulillah aman.",ada kak alhaamdulillah aman,2026-09-10T14:43:22+00:00,https://www.threads.net/t/DdFmde-Erjq,,positif,
3e523515ab2eaaa9674d729648a2c927,threads,"Janji materinya dibaca, di kelas diskusi kasus2 aja dari para suhu",janji materinya dibaca di kelas diskusi kasus kasus saja dari para suhu,2026-09-11T12:12:39+00:00,https://www.threads.net/t/DdIwPUOkeM3,,netral,
6e71db5e8ce126f9dff1717124fbc170,youtube,"Coba klo sensus jgn cm di tanya kerjaan, gaji, biaya hidup. Tanya saat itu jg apakah mrka udh makan? Apakah kluarga mrka udh kenyang? Apakah kluarga mrka tidak terhimpit hutang? Negara bobrok sarang koruptor",coba kalau sensus jgn cm di tanya kerjaan gaji biaya hidup tanya saat itu juga apakah mrka sudah makan apakah kluarga mrka sudah kenyang apakah kluarga mrka tidak terhimpit hutang negara bobrok sarang koruptor,2026-08-15T00:00:00+00:00,https://www.youtube.com/watch?v=DdHCIw_zi98&lc=UgyuhMS_s_dqv-LWaa94AaABAg,"video: 🔵 Live Jateng Sore Rabu, 15 Juli 2026 - Petugas Sensus Ekonomi ""Give Up"" Karena Tugas Berat · kanal: Tribun Jateng · komentar utama",negatif,
6023aa62401c6aeaf8e788ca3cb050cb,youtube,"kalau wilayah tugasnya sub sls, jika ganti sub sls nomor dari satu lagi ka",kalau wilayah tugasnya sub sls jika ganti sub sls nomor dari satu lagi ka,2026-07-15T00:00:00+00:00,https://www.youtube.com/watch?v=P7bbSMsz9ic&lc=UgzbKn6Xlt6znKXbZ-t4AaABAg.AY6-UBkJMqLAY7dpBeVeMK,"video: || HOW TO FILL OUT STICKERS AND BUILDING NUMBERS || SE2026 DOOR-TO-DOOR DATA COLLECTION || · kanal: Uzma Ulya · balasan atas: ""kalo 1 sls dibagi beberapa sub sls apakah penomorannya dilanjutkan atau penomorannya dimulai ke awal lagi berdasarkan sub sls""",netral,
dcb3dbcabc11f64b81d4e16eab7dfc69,youtube,"Setuju.! Wajaar masyarakat bertanya sdh mulai CERDAS.! 
Masyarakat / Rakyat sdh terlalu muak dan cuek.! Karena sering di jdikan objek terselubung dari para petugas jdi bumerang kpd Rakyat.",setuju wajaar masyarakat bertanya sdh mulai cerdas masyarakat rakyat sdh terlalu muak dan cuek karena sering di jdikan objek terselubung dari para petugas jdi bumerang kpd rakyat,2026-07-15T00:00:00+00:00,https://www.youtube.com/watch?v=Vo2rSYsO90s&lc=UgyTLtl6zhm_ef5Bio14AaABAg.AYZEuW8nHHHAYf1Y_8uavr,"video: Viral! Resident Questions Census Benefits to BPS Officer, Situation Heats Up · kanal: Serambinews · balasan atas: ""Saya setuju sama BPK, bpk adalah wakil rakyat Indonesia,sht sll ya pak""",negatif,
8ce3c9acbf2b86b5c1559b5b8d23910d,threads,"Bener. Saya jg ga nyaman kalo ditanya2in soal gaji dan pengeluaran. Ga ada untungnya jg buat kita. Kalo kita susah, negara akan mampu bantu apa? Lha wong suara kita jg ga didengarkan ko sama pemerintah.",benar saya juga tidak nyaman kalau ditanya2in soal gaji dan pengeluaran tidak ada untungnya juga untuk kita kalau kita sulit negara akan mampu bantu apa lha wong suara kita juga tidak didengarkan ko sama pemerintah,2026-06-20T13:46:10+00:00,https://www.threads.net/t/DZzllMpgdlc,,negatif,
dbe8c3c10d693a89d2f48736d0d7a4db,threads,"Ga di apa2in, ditanya2 aja kerjaan apa. Kebetulan aku dagang, ditanya omzet (aku kasi yg terkecil), punya kendaraan bermotor apa?",tidak di apa2in ditanya ditanya saja kerjaan apa kebetulan aku dagang ditanya omzet aku kasi yang terkecil punya kendaraan bermotor apa,2026-07-16T05:15:24+00:00,https://www.threads.net/t/Da10PdNAXFB,,negatif,
3fa306e8d0f7faa3203d957249d61ec7,threads,"Sesudah selesai tuh cem mana kak, aku udah dari bulan kemarin selesai tiba tiba awal September organik turun uji petik eh besoknya zoom meet terus tulisannya uji petik Sudah mulai berjalan apakah aku di uji petik lagi kak",sesudah selesai tuh cem mana kak aku sudah dari bulan kemarin selesai tiba tiba awal september organik turun uji petik eh besoknya zoom meet terus tulisannya uji petik sudah mulai berjalan apakah aku di uji petik lagi kak,2026-09-12T04:30:10+00:00,https://www.threads.net/t/DdKu21wE7P4,,netral,
867e21a5b74570761aad08d33d07377b,youtube,"Kan ini membuka lowongan juga buat yg blm dapat kerjaan,meskipun cuma 2 bln..
Kan spt kpps,pps,ppk itu juga kerja yg gak melibatkan sipil..",kan ini membuka lowongan juga untuk yang belum dapat kerjaan meskipun cuma 2 bln kan spt kpps pps ppk itu juga kerja yang tidak melibatkan sipil,2026-06-15T00:00:00+00:00,https://www.youtube.com/watch?v=ge6dMeS2wuE&lc=UgxMH1uHTvcsI6hGpcR4AaABAg.APn-v3c5VNEAXO9kG6Ee-9,"video: BPS Butuh 190.000 Petugas untuk Sensus Ekonomi 2026, Gaji hingga Rp 5 Juta · kanal: Kompas.com · balasan atas: ""Gk ada guna, apa gunanya aparat sipil kalau masih di bentuk petugas lain makanya negara boros""",netral,
f2306b1827bb14aa639d8acff20fd7a2,playstore,aduh aplikasi macet ini udah di abded malah GK bisa di bukak,aduh aplikasi macet ini sudah di abded malah tidak bisa di bukak,2026-08-12T21:50:05+00:00,https://play.google.com/store/apps/details?id=id.go.bpsfasih&reviewId=e09dc01c-0237-4877-b30d-b54e72e43efe,versi aplikasi: 2.17.0,negatif,
0226020e64e5b3d372a5d30138fd914a,threads,serius kakk? aku aslinya ada 15 no respon,serius kakk aku aslinya ada 15 no respon,2026-09-02T23:58:44+00:00,https://www.threads.net/t/Dcx-oDdnQ9S,,netral,
2034d086c703134585d855d9a8e75f5d,threads,Jgn pernah berbisnis dg pemerintah yg sifatnya hanya mitra,jgn pernah berbisnis dg pemerintah yang sifatnya hanya mitra,2026-09-07T13:22:22+00:00,https://www.threads.net/t/Dc_G3NniTWo,,negatif,
5bbad43bf16de692f1b15bd1df0e1f25,playstore,Rumit. Susah,rumit sulit,2026-08-30T10:54:11+00:00,https://play.google.com/store/apps/details?id=id.go.bpsfasih&reviewId=c3aea862-5bd8-4142-8e86-f18b845fe58b,,negatif,
8882207f6be8731c161a1a29bcbd2729,youtube,"Biaya cicilan dan hutang harusnya juga ditanyakan.
Bukan aset saja yang ditanyakan",biaya cicilan dan hutang harusnya juga ditanyakan bukan aset saja yang ditanyakan,2026-07-15T00:00:00+00:00,https://www.youtube.com/watch?v=HSxx8ubHT40&lc=Ugyi1sYoRsNyEBbi7vl4AaABAg.AZ3fufSQUtyAZ3km3wIz_k,"video: UNMASKING THE 2026 ECONOMIC CENSUS AGENDA: IS IT REALLY JUST FOR DATA? · kanal: Sadar Keuangan · balasan atas: ""apakah pada saat sensus ekonomi ada pertanyaaan berapa biaya pengeluaran dan pemasukan kepada masyarakat?""",netral,
caf49f37a94c7aaa1bd9bc41ed437840,playstore,"respon server lambat, banyak bug",respon server lambat banyak bug,2026-06-30T20:23:19+00:00,https://play.google.com/store/apps/details?id=id.go.bpsfasih&reviewId=a8dec524-be74-4a14-bfdf-6f25349763f5,versi aplikasi: 2.16.4,negatif,
9378c65b8293662fa07ed212a12bc648,youtube,Asalamualaikum.aBunda CaAku bulangkana sekarang senang megemuka parte.jadi.uwang.nya buat pegemukan.pate.doangmBuN.Ca❤🧕🌹👨‍🦰🌹💐💐💐💐💚💚💚💚💚💚💚💚💚,asalamualaikum abunda caaku bulangkana sekarang senang megemuka parte jadi uwang nya untuk pegemukan pate doangmbun ca red heart woman with headscarf rose man red hair rose bouquet bouquet bouquet bouquet green heart green heart green heart green heart green heart green heart green heart green heart green heart,2026-09-01T00:00:00+00:00,https://www.youtube.com/watch?v=eGFi53avn4Q&lc=UgzmquiZD0I_7TZQjKt4AaABAg.Aa02sdoPuYDAa44wlbd0AC,"video: Is Indonesia's Unemployment Rate Really Rising? Here Is the BPS Data · kanal: Penjaga Harapan · balasan atas: ""Distrust kepada pejabat & pemerintah yg tidak kompeten, berimbas pada seluruh kelengkapan negara""",tidak_relevan,
948fb02c9b89ecb3d644f22b1e038ba9,threads,langsung tidak ditemukan,langsung tidak ditemukan,2026-08-27T14:18:13+00:00,https://www.threads.net/t/DcgGxKNEtNe,,tidak_relevan,
51079f614660010d87f88ba0577da226,threads,"Gaada mba ceritanya anak dapet beasiswa dari ortu pns atau pengusaha di data sensus beasiswa dicabut. Bukan hak dan wewenangnya BPS, maap bgt itu mah ada divisi lain. Jangan negatif dulu. Sampean main threads pasti ada ig follow lah akun sosmed BPS daerahmu",gaada mba ceritanya anak dapet beasiswa dari ortu pns atau pengusaha di data sensus beasiswa dicabut bukan hak dan wewenangnya badan pusat statistik maap sangat itu mah ada divisi lain jangan negatif dulu sampean main threads pasti ada ig follow lah akun sosmed badan pusat statistik daerahmu,2026-06-20T18:34:43+00:00,https://www.threads.net/t/DZzllMpgdlc,,positif,
3b2309e968feff5fb7ac5d0772a4303f,threads,katanya iya Kak. Kan diperpanjang smpe tgl 15. apalagi ada PPL yg belum kelar dan sebagian dsuruh gotong royong bantuin submit Kak,katanya iya kak kan diperpanjang smpe tgl 15 apalagi ada ppl yang belum kelar dan sebagian dsuruh gotong royong bantuin submit kak,2026-09-01T10:52:52+00:00,https://www.threads.net/t/Dcve06yEwGW,,netral,
29352d2c1b2790b37db41ca4e231911a,youtube,"jika belum pelatihan tidak kena denda ka, pastikan infokan ke BPS kab Kaka sebelum pelatihan dilaksanakan ya... agar digantikan dengan petugas cadangan",jika belum pelatihan tidak kena denda ka pastikan infokan ke badan pusat statistik kab kaka sebelum pelatihan dilaksanakan ya agar digantikan dengan petugas cadangan,2026-06-15T00:00:00+00:00,https://www.youtube.com/watch?v=qUYuwk-5LFk&lc=UgzPvNuUkGUGRppBDN54AaABAg.AXVEp8FK9CvAXW9W1EnhOX,"video: || GETTING TO KNOW THE 2026 ECONOMIC CENSUS ‼️|| LATEST BPS INFO UPDATE ‼️ · kanal: Uzma Ulya · balasan atas: ""Mau tanya kalau sudah diterima untuk penawaran kerja tapi Saya sudah keterima kerja lain dan gak ikut pelatihan offline dan online apa kena denda atau cuma di b""",netral,
5d190a631736c591b1a83a4ce5f56416,youtube,Tolak sensus nggak ada urusan.,tolak sensus tidak ada urusan,2026-08-15T00:00:00+00:00,https://www.youtube.com/watch?v=fe5XjT4okgg&lc=UgwSDHSY3yQCQQLHLlF4AaABAg,"video: Sensus Ekonomi 2026 Tuai Pro Kontra, Bolehkah Warga Menolak Didata? · kanal: Harian Kompas · komentar utama",negatif,
9e213aafe7b19998b0e4aae624ebb332,youtube,"Bagaimana dengan saya mitra tambahan non kepka yang terdaftar sebagai (pendataan dan pengolahan), apa 2 tugas tersebut mengindikasikan saya mengambil 2 peran dengan periode kerja yang berbeda?",bagaimana dengan saya mitra tambahan non kepka yang terdaftar sebagai pendataan dan pengolahan apa 2 tugas tersebut mengindikasikan saya mengambil 2 peran dengan periode kerja yang berbeda,2026-06-15T00:00:00+00:00,https://www.youtube.com/watch?v=HZoIT9gm_sM&lc=UgyZYC-Lu8N_U3sGOQR4AaABAg,video: || SE2026 INFO UPDATE‼️ || PPL & PML DUTIES || FIELDWORK WORKLOAD · kanal: Uzma Ulya · komentar utama,netral,
ebe951c13c8fee87250d2fde1c3a3ec8,playstore,"update terlalu cepat, memungkinkan ketidak pahaman pengguna",update terlalu cepat memungkinkan ketidak pahaman pengguna,2026-07-08T07:26:31+00:00,https://play.google.com/store/apps/details?id=id.go.bpsfasih&reviewId=cb1aae9b-a03f-4bf5-8668-c6a088043140,versi aplikasi: 2.16.4,negatif,
6be9f1f871313d779a1cfce4022f6b67,playstore,kenapa habis di update gak bisa buka,kenapa habis di update tidak bisa buka,2026-08-12T23:15:17+00:00,https://play.google.com/store/apps/details?id=id.go.bpsfasih&reviewId=28367598-f834-4cc4-b35a-6f38ea66d084,,negatif,
b2933cbff28db89de81d6b501c8ca915,youtube,"ada di video sebelumnya, link video ada di deskripsi ya ka",ada di video sebelumnya link video ada di deskripsi ya ka,2026-06-15T00:00:00+00:00,https://www.youtube.com/watch?v=hTeaDSz2L0Q&lc=Ugwrb3vcBXBiOZrDET54AaABAg.AXuN6tZY6P8AXuRxNGk5tR,"video: || DATA COLLECTION TREATMENT IN BKU, BTT || FAMILY IDENTIFICATION METHOD ❗||DOOR TO DOOR DATA COL... · kanal: Uzma Ulya · balasan atas: ""Bagaimana untuk Pendataan Untuk Bangunan Sekolah🏫 ??""",netral,
eb591c1d9a358a3e1a5e1488c856b042,threads,"Kalau prelist sudah nol dan ternyata ada bangunan yang belum didatangi, apakah harus turlap lagi tambah assignment?",kalau prelist sudah nol dan ternyata ada bangunan yang belum didatangi apakah harus turlap lagi tambah assignment,2026-09-01T10:47:24+00:00,https://www.threads.net/t/Dcve06yEwGW,,netral,
65de0a7b185567fbf47e38659f5d689a,threads,dapet laporan dr group rt aja tau2 udh didepan komplek rumah,dapet laporan dari group rt saja tau tau sudah didepan komplek rumah,2026-07-16T05:38:37+00:00,https://www.threads.net/t/Da10PdNAXFB,,netral,
0825a346dbfa590a9a33c7b7351f08eb,youtube,"tidak, hanya usaha yang ada di bangunan tersebut saja ka",tidak hanya usaha yang ada di bangunan tersebut saja ka,2026-07-15T00:00:00+00:00,https://www.youtube.com/watch?v=P7bbSMsz9ic&lc=UgzSv08WKx5KxBdBcFF4AaABAg.AY_PNcjwtA_AY_W3sVhVCN,"video: || HOW TO FILL OUT STICKERS AND BUILDING NUMBERS || SE2026 DOOR-TO-DOOR DATA COLLECTION || · kanal: Uzma Ulya · balasan atas: ""Kak untuk total usaha yg ada d bangunan tdk berhitung lanjut dri bangunan sblumnya yahh?""",netral,
83236beb79eac6f3d51132361197b190,youtube,Paling males tuh kalau mereka minta ktp kk paling males,paling males tuh kalau mereka minta ktp kk paling males,2026-07-15T00:00:00+00:00,https://www.youtube.com/watch?v=IB7TTBQwHXk&lc=UgwuFc3a7p_IFXNQGnh4AaABAg,"video: Sensus Ekonomi, Ditanya Apa Saja? | Liputan 6 · kanal: Liputan6 · komentar utama",negatif,
68579a9304af0360d1346fe0ab223bac,youtube,Sensus Ekonomi Bukan Buat Dapat Bantuan,sensus ekonomi bukan untuk dapat bantuan,2026-07-15T00:00:00+00:00,https://www.youtube.com/watch?v=23-HppPdyOk&lc=Ugz07wxkR0s954egAaJ4AaABAg.AYeG3LMsm-RAYecJve_hhT,"video: Simulasi Sensus Ekonomi 2026: Solusi Cerdas Saat Responden Protes Menolak Di Wawancara · kanal: Yuda Ari Sanjaya · balasan atas: ""Kalo di sesnus biasnya dapat bantuan nih .""",negatif,
ecdee673988c023b758b34477165d78f,youtube,"Sensus ekonomi itu wajib, mereka itu berjuang untuk data masyarakat agar kita tidak kelaparan kedepannya, dukung mereka",sensus ekonomi itu wajib mereka itu berjuang untuk data masyarakat agar kita tidak kelaparan kedepannya dukung mereka,2026-07-15T00:00:00+00:00,https://www.youtube.com/watch?v=IB7TTBQwHXk&lc=Ugw_IxE8RTDuVQ9ljhh4AaABAg,"video: Sensus Ekonomi, Ditanya Apa Saja? | Liputan 6 · kanal: Liputan6 · komentar utama",positif,
e97590fbddeb27f522ff57cb5b960a1c,youtube,Kak untuk pengisian pengeluaran tahunan apakah untuk yang pengeluaran non makan di kalikan 12 dulu lalu ditambah pengeluaran pengeluaran tahun lainnya?,kak untuk pengisian pengeluaran tahunan apakah untuk yang pengeluaran non makan di kalikan 12 dulu lalu ditambah pengeluaran pengeluaran tahun lainnya,2026-07-15T00:00:00+00:00,https://www.youtube.com/watch?v=4QxXhZ7dh1U&lc=Ugz_KHJZsaA8suHmD-N4AaABAg,video: || WHAT ARE THE NON-FOOD EXPENSES ❓ || SE2026 SOCIO-ECONOMIC FAMILY SURVEY DOCUMENT FILING‼️ · kanal: Uzma Ulya · komentar utama,netral,
5ccd4b1484ba0bb7cffde099aea76b80,threads,"Sering? Se tahu saya di sini selalu merekrut tenaga masyarakat, yg bkn bps juga.",sering se tahu saya di sini selalu merekrut tenaga masyarakat yang bkn badan pusat statistik juga,2026-06-21T01:21:34+00:00,https://www.threads.net/t/DZzllMpgdlc,,netral,
92fd53830f9c89308549a631946df9f0,youtube,"Jaman q masih kecil dlu sensus penduduk itu data umur, jumlah anggota keluarga, pekerjaan aj, ad yg meninggal tow kelahiran Bru ga? Ini pertanyaan ny dah melenceng jauh bgtz jdy bingung ni buat ap sensus? Mau buat mcatat jumlah penduduk tow buat pajak?",jaman q masih kecil dlu sensus penduduk itu data umur jumlah anggota keluarga pekerjaan saja ad yang meninggal tow kelahiran bru tidak ini pertanyaan ny sudah melenceng jauh bgtz jdy bingung ni untuk ap sensus mau untuk mcatat jumlah penduduk tow untuk pajak,2026-08-15T00:00:00+00:00,https://www.youtube.com/watch?v=HSxx8ubHT40&lc=UgzXGG85eiPbRe9zgvF4AaABAg,video: UNMASKING THE 2026 ECONOMIC CENSUS AGENDA: IS IT REALLY JUST FOR DATA? · kanal: Sadar Keuangan · komentar utama,negatif,
025a7396430f594c8eaddde365aa193e,threads,"Mereka hanya petugas pak, yg dikontrak beberapa bulan, sensus ini wajib, ini bukan survey. Data pemutakhiran langsung ke pusat. Ironis memang ditanya hal yg bersifat pribadi, gaji, kwh listrik, usaha, ac, kendaraan, luas bangunan dll, sedangkan pejabat yg hidup dr hasil pajak rakyat suka korupsi. Petugasnya sering dibentak yg punya rumah, kasihan juga, mereka bukan pegawai tetap. Wajar karena pegawai/pemerintah gak bakal berani turun langsung dor to dor. Makanya dikontrak petugas buat bekerja.",mereka hanya petugas pak yang dikontrak beberapa bulan sensus ini wajib ini bukan survey data pemutakhiran langsung ke pusat ironis memang ditanya hal yang bersifat pribadi gaji kwh listrik usaha ac kendaraan luas bangunan dll sedangkan pejabat yang hidup dari hasil pajak rakyat suka korupsi petugasnya sering dibentak yang punya rumah kasihan juga mereka bukan pegawai tetap wajar karena pegawai pemerintah tidak bakal berani turun langsung dor to dor makanya dikontrak petugas untuk bekerja,2026-06-20T22:34:16+00:00,https://www.threads.net/t/DZzllMpgdlc,,positif,
ecea4c248c91abd54a3188606602f9ae,youtube,posyandu di bangunan tempat tinggal kah?,posyandu di bangunan tempat tinggal kah,2026-06-15T00:00:00+00:00,https://www.youtube.com/watch?v=qUYuwk-5LFk&lc=Ugz0PDk3BGEw-B-N81N4AaABAg.AXvCX8wNNqDAXvM_Tm5-UW,"video: || GETTING TO KNOW THE 2026 ECONOMIC CENSUS ‼️|| LATEST BPS INFO UPDATE ‼️ · kanal: Uzma Ulya · balasan atas: ""Kak..kalau posyandu di tagging kasi stiker nggak ya?""",netral,
2276f687ebcea6e60b40d7ee8c0fbabf,threads,Iya kak bukan berarti ada masalah lapangan karna udah capek banget sama responden yg ngeluh desil eh ini malah ada verifikasi cangkupan lagi,iya kak bukan berarti ada masalah lapangan karena sudah capek sangat sama responden yang ngeluh desil eh ini malah ada verifikasi cangkupan lagi,2026-09-12T04:56:05+00:00,https://www.threads.net/t/DdKu21wE7P4,,negatif,
1cce95b5ad0b0bcee9f2598a977ab914,playstore,puyenglah kebanyakan update......,puyenglah kebanyakan update,2026-08-13T21:22:02+00:00,https://play.google.com/store/apps/details?id=id.go.bpsfasih&reviewId=2564d70c-ddd5-4c9c-ab8e-ad4a0d11b256,versi aplikasi: 2.16.8,negatif,
eb59289753f2c55f4f58f602343ad99d,threads,Serius tadi pagi WA grup disuruh nambah usaha,serius tadi pagi wa grup disuruh nambah usaha,2026-09-09T05:53:36+00:00,https://www.threads.net/t/DdDUlRnAZez,,netral,
0b89a452d6ac4fe66a761bedcaa81883,threads,Silahkan komplen ke satker masing” alih” berbicara di sosmed. Insya Allah BPS kooperatif ko.,silahkan komplen ke satker masing alih berbicara di sosmed insya allah badan pusat statistik kooperatif ko,2026-08-17T13:40:40+00:00,https://www.threads.net/t/DcJCosak02p,,netral,
aff28290c1827e97505be94c0171ec46,youtube,Mantap ibu nur,mantap ibu nur,2026-07-15T00:00:00+00:00,https://www.youtube.com/watch?v=QTjBfvXV89M&lc=UgxTfrOYie8shmJSSFB4AaABAg,video: [ICFF 2026] The Left Behind - BPS Aceh Province · kanal: BPS Statistics · komentar utama,netral,
b5763a4ce73401616f5e192d84c09b5f,playstore,sangat membantu dalam proses pendataan hanya banyak error dan Galat,sangat membantu dalam proses pendataan hanya banyak error dan galat,2026-06-26T05:39:34+00:00,https://play.google.com/store/apps/details?id=id.go.bpsfasih&reviewId=41009d12-3de9-4bdb-bb4b-7fea77c8d5d0,versi aplikasi: 2.16.3,positif,
e9d5abfaeb2f4a17fdb09f580dd4f995,youtube,"​ @SaddamPoetra ...😅dibawa nyantai biar otak gak panas..
Maklum umur juga😅",grinning face with sweat dibawa nyantai biar otak tidak panas maklum umur juga grinning face with sweat,2026-06-15T00:00:00+00:00,https://www.youtube.com/watch?v=VKF6sn15Eos&lc=UgzFRSzO2hA_z5BAZTp4AaABAg.AXNsr7zIXcAAXT4Zg-2D35,"video: 2026 Economic Census Training Question Leak: Pretest, Quiz & Tips to Pass! · kanal: MH Channel Official · balasan atas: ""​ @yudiruswandi1772 hahaa betull, tapi kalo udah ngopi hotel langsung seger""",tidak_relevan,
d15e89a92b2ba40381539bf2e22f39fa,youtube,"terimakasih atas koreksinya ka,,",terimakasih atas koreksinya ka,2026-06-15T00:00:00+00:00,https://www.youtube.com/watch?v=ml2ZpJu9Its&lc=UgzgGnFe97_R_GKDaFR4AaABAg.AXqzuPmOf3WAXr0M6Jtp39,"video: || CALCULATING EXPENSES & REVENUE BASED ON CASE STUDIES ‼️ || DETAILS 26 & 27 SE2026-L · kanal: Uzma Ulya · balasan atas: ""Maaf koreksi pendapatan dr penjualan minuman knpa cuma 5 jt kan di pengeluaran ditambahkan 18 juta jd tekor dong penjualan minumannya. harusnya pendapatan nya d""",positif,
72fb3a5023ba20090663d5bbe9a8d19e,threads,Tapi banyak yang tidak sesuai,tapi banyak yang tidak sesuai,2026-08-17T13:39:51+00:00,https://www.threads.net/t/DcJCosak02p,,negatif,
3a63d11bf4c2eed0bed89d62cd0fee1a,youtube,Terimakasih sudah berpartisipasi menyukseskan Sensus Ekonomi 2026,terimakasih sudah berpartisipasi menyukseskan sensus ekonomi 2026,2026-08-25T00:00:00+00:00,https://www.youtube.com/watch?v=fgvF1s52-Zs&lc=UgzALPv8F9IKEmMltIN4AaABAg,video: Meluruskan Kegaduhan Publik soal Sensus Ekonomi 2026 · kanal: Bisniscom · komentar utama,positif,
e8026babbf162a76c8d4608cb05471f5,youtube,"Kita rakyat di suruh jujur, tp giliran di umumkan ke publik mereka yg bohong",kita rakyat di suruh jujur tp giliran di umumkan ke publik mereka yang bohong,2026-07-15T00:00:00+00:00,https://www.youtube.com/watch?v=VWSz4FkDcZk&lc=Ugzx82n6slM9CDjv6T14AaABAg,"video: Sensus Ekonomi 2026 Resmi Dimulai, BPS Minta Masyarakat Jujur Saat Didata · kanal: CNN Indonesia · komentar utama",negatif,
a0715c3778570bca7704ac2946c6c849,threads,Mending teh. Abdi mah meni sesah ditaros teh. Majar sieun bisi teu menang bantuan deui,mending teh abdi mah meni sesah ditaros teh majar sieun bisi teu menang bantuan deui,2026-06-15T16:20:15+00:00,https://www.threads.net/t/DZnN5UCCXRl,,netral,
103c4cad8a10cd35900b335f6921fbb0,threads,"h-5 gada arahan apa2 dr BPS jadi curiga entar perpanjangan sampe 30 september buat penyisiran :""",h 5 gada arahan apa saja dari badan pusat statistik jadi curiga entar perpanjangan sampe 30 september untuk penyisiran,2026-09-10T01:05:32+00:00,https://www.threads.net/t/DdFmde-Erjq,,negatif,
8cde49eb85064d852013d874878785ae,threads,"blomm kak, ngga kak kota ku malah kemaren setelah tgl 31 aja masih ada yg open 100an",blomm kak tidak kak kota ku malah kemaren setelah tgl 31 saja masih ada yang open 100an,2026-09-03T10:41:53+00:00,https://www.threads.net/t/Dcx-oDdnQ9S,,netral,
d33b171f177965f3aa16394592af1344,playstore,"aplikasi update terus,yg sdh dikerjakan jadi ga masuk,bikin kerjaan ga kelar2",aplikasi update terus yang sdh dikerjakan jadi tidak masuk membuat kerjaan tidak kelar kelar,2026-08-04T15:49:59+00:00,https://play.google.com/store/apps/details?id=id.go.bpsfasih&reviewId=d40ffb17-4af3-4dee-a536-a6bcda326535,,negatif,
259f44640d806c21de938be50454f67b,youtube,program sensus ekonomi kayak gini harus di support,program sensus ekonomi kayak begini harus di support,2026-08-15T00:00:00+00:00,https://www.youtube.com/watch?v=9StbntlmEhQ&lc=Ugwp0xGyo2P9QQXPmq94AaABAg,"video: Sensus Ekonomi 2026, Menyusun Peta Baru Ekonomi Indonesia Ft. Amalia Adininggar Widyasanti · kanal: Bisniscom · komentar utama",positif,
eac8e66e1392ffe84316b062683230ea,threads,"Orang males disensus karena: 1. Gak percaya sama pemerintah 2. Takut data, foto rumah dll disalahgunakan 3. Takut kedetect Iya gak sih?",orang males disensus karena 1 tidak percaya sama pemerintah 2 takut data foto rumah dll disalahgunakan 3 takut kedetect iya tidak sih,2026-06-20T17:07:35+00:00,https://www.threads.net/t/DZzY-pgkxFO,,negatif,
05c73e7563502659fe63f3c36dca7b6a,playstore,sudah memasuki minggu² terakhir malah developer nyusahin bikin update an ada status pending segala,sudah memasuki minggu minggu terakhir malah developer nyusahin membuat update an ada status pending segala,2026-08-14T09:34:34+00:00,https://play.google.com/store/apps/details?id=id.go.bpsfasih&reviewId=c03cbd15-b364-41ef-ae37-5bcd2d6b76e9,versi aplikasi: 2.17.2,negatif,
9de7df44df0ec293b7cc3a85e92a04d5,threads,Wah udah mulai ya,wah sudah mulai ya,2026-07-16T04:56:40+00:00,https://www.threads.net/t/Da10PdNAXFB,,netral,
733533f44137330557eb69f35699a1d2,threads,"Klo ditempatku sampai senin katane. Jadi organik turun lapangan, sampling datang kerumah/bku tanya sudah disensus blm. Klo ada yg jawab belum nanti suru new assignment",kalau ditempatku sampai senin katane jadi organik turun lapangan sampling datang kerumah bku tanya sudah disensus belum kalau ada yang jawab belum nanti suru new assignment,2026-09-12T04:30:09+00:00,https://www.threads.net/t/DdKu21wE7P4,,netral,
5fc5e22f81b0b8fe9610b09d7e3b5c70,playstore,fasih versi 2.170 gak bisa dibuka perlu perbaikan🙏🙏,fasih versi 2 170 tidak bisa dibuka perlu perbaikan folded hands folded hands,2026-08-12T22:57:25+00:00,https://play.google.com/store/apps/details?id=id.go.bpsfasih&reviewId=2f55cbfd-6fe8-49fa-8077-8e7d085df136,versi aplikasi: 2.17.0,negatif,
44e8f2afd594090ecff829102f7a4c4a,playstore,"aplikasi uptade terus, bukannya tambah mempermudah saat pengisian data malah yang ada makin memperhambat, sering terjadi kendala, dan sekarang mau lihat pun harus nunggu antrian, mohon diperbaiki lagi dan diminimalis pada bagian penyakit",aplikasi uptade terus bukannya tambah mempermudah saat pengisian data malah yang ada makin memperhambat sering terjadi kendala dan sekarang mau lihat pun harus menunggu antrian mohon diperbaiki lagi dan diminimalis pada bagian penyakit,2026-08-13T17:41:21+00:00,https://play.google.com/store/apps/details?id=id.go.bpsfasih&reviewId=7e4b1938-773c-4846-afce-567470c96d3e,versi aplikasi: 2.17.1,negatif,
24fd57163a350a91cae3ab99a7854a5e,youtube,disinkronkan lagi ka,disinkronkan lagi ka,2026-07-15T00:00:00+00:00,https://www.youtube.com/watch?v=P7bbSMsz9ic&lc=UgxUHiKNBKhrYvV_SXF4AaABAg.AYJIVo8N_AaAYMi9vKEO2A,"video: || HOW TO FILL OUT STICKERS AND BUILDING NUMBERS || SE2026 DOOR-TO-DOOR DATA COLLECTION || · kanal: Uzma Ulya · balasan atas: ""Setelah saya pindahin aplikasi fasih di hp baru kok tidak terbaca semua datanya ya... Malah hilang semuanya""",tidak_relevan,
527701e17096f32cf4cf7601f8cd8b2a,threads,Kalau pny usaha sprti penyewaan gedung serbaguna dan bumdes didata juga lo kak,kalau pny usaha sprti penyewaan gedung serbaguna dan bumdes didata juga lo kak,2026-06-27T11:56:32+00:00,https://www.threads.net/t/DZg_pqEDt9h,,tidak_relevan,
d8e8acd7b6bf0b81a2b50ba1dedf7e72,threads,"Gapapa kak yg penting tidak melecehkan, banyak yg memanfaat kan momen ini untuk tindakan pelecehan seksual saat di data",gapapa kak yang penting tidak melecehkan banyak yang memanfaat kan momen ini untuk tindakan pelecehan seksual saat di data,2026-06-20T11:45:11+00:00,https://www.threads.net/t/DZzllMpgdlc,,positif,
4c8ca2864faf8583c3a37d7fec01defa,playstore,"update Mulu 😭 tpi bug masih aja ada, udh fix bug ternyata nambah fitur baru asigmn sebelumnya jadi banyak yg Galat pdhl sblmnya terkirim udh bener bener oke duh",update mulu loudly crying face tpi bug masih saja ada sudah fix bug ternyata nambah fitur baru asigmn sebelumnya jadi banyak yang galat pdhl sblmnya terkirim sudah benar benar oke duh,2026-07-12T12:29:50+00:00,https://play.google.com/store/apps/details?id=id.go.bpsfasih&reviewId=626d47f9-80fd-4f56-9e96-a7102e22d070,versi aplikasi: 2.16.6,negatif,
8960ef04245700a218fec1141fe745ce,youtube,Lebih penting MBG/Kdmp.....👻,lebih penting mbg kdmp ghost,2026-07-15T00:00:00+00:00,https://www.youtube.com/watch?v=uK1TQpEl5m0&lc=Ugx2MB2Vm8beul9CDlB4AaABAg.AYkoCIHq-UnAYqQP0oefNP,"video: Pentingnya Sensus Ekonomi, Untuk Petakan Ekonomi Masyarakat · kanal: Bisniscom · balasan atas: ""Sensus ekonomi ternyata manfaatnya besar juga buat lihat perkembangan usaha dan ekonomi di daerah.""",negatif,
9c4f6081c77b7a84d3a3e5dbc19cac54,youtube,saya takut kalo jujur ntar dipajakin,saya takut kalau jujur ntar dipajakin,2026-07-15T00:00:00+00:00,https://www.youtube.com/watch?v=VWSz4FkDcZk&lc=UgzJnJxyuYSiLIK-2vd4AaABAg,"video: Sensus Ekonomi 2026 Resmi Dimulai, BPS Minta Masyarakat Jujur Saat Didata · kanal: CNN Indonesia · komentar utama",negatif,
f61d4e0faea1a6f39c8b045567c43948,youtube,cara bertanya nya ?,cara bertanya nya,2026-06-15T00:00:00+00:00,https://www.youtube.com/watch?v=14D25RyUWEU&lc=Ugx-UxAQuAxP4PYlpGJ4AaABAg.AXkLd77RSWYAXkpmP1vDlm,"video: ||OVERVIEW OF USING THE FLUENT APPLICATION FOR UPDATING & RECORDING SE2026‼️|| UPDATE INFO SE · kanal: Uzma Ulya · balasan atas: ""Ka bikin video wawancara kepada warga bertani""",tidak_relevan,
c2a2020cb6c3e6dbecccee817e1fd700,threads,"Mereka cmn menjalankan tugas aja kak, pekerja lapangan ya gituuu Btw kalo dibilang negara ga pernah hadir, sorry bgt kak, terdaftar sbg pemegang kartu BPJS ga? Atau pake tabung gas ijo? Atau pake pertalite? Atau mungkin anggota keluarganya ada yg sekolah di sekolah negeri?",mereka cmn menjalankan tugas saja kak pekerja lapangan ya gituuu btw kalau dibilang negara tidak pernah hadir sorry sangat kak terdaftar sbg pemegang kartu bpjs tidak atau pakai tabung gas ijo atau pakai pertalite atau mungkin anggota keluarganya ada yang sekolah di sekolah negeri,2026-06-20T13:42:00+00:00,https://www.threads.net/t/DZzllMpgdlc,,positif,
