uid,source,text,created_at,url,konteks,label_sementara,keyakinan,label_manusia,catatan
d1582cdf1994338ee2bed7355b0a3550,youtube,Sepertinya tidak,2026-06-15T00:00:00+00:00,https://www.youtube.com/watch?v=tF0qnJDrk1g&lc=UgwRYiCgrMXseLfjTGh4AaABAg.AWrH3JawvOrAWrMYs-ePOE,"video: Cara Ujian Tes Kompetensi Mitra BPS 2026 Terbaru Badan Pusat Statistik  · kanal: Tongbos · balasan atas: ""kalau sudah mengerjakan nilainya tidak langsung muncul ya kak?""",netral,0.5,,
a2ddf643efe81d5d41394d043ad290d6,youtube,Menurutku D kak,2026-06-15T00:00:00+00:00,https://www.youtube.com/watch?v=kptuXMofWKc&lc=UgwMIrAOTlMfKqhY02B4AaABAg.AWkw6HRmKRyAWrBtf2C1Wc,"video: Contoh Soal Tes Mitra BPS 2026 dan Kunci Jawabannya · kanal: Teman Ngerjain Soal · balasan atas: ""No 3 itu jawabannya yang B bang, karena yang ditanyakan adalah yang ""bukan"", maka jawaban adalah selain profesional = kompeten, Integritas = disiplin, amanah = """,netral,0.5,,
913ca0f1ca2eeadce6e5112000211149,youtube,Iya bisa juga,2026-07-15T00:00:00+00:00,https://www.youtube.com/watch?v=X-4YrsQrFMg&lc=Ugzmm4kYWu3F8Tw0Oo94AaABAg.AYaTmuxM__CAYadMnQMwKs,"video: BPS Buka Suara soal Kritik Pertanyaan Sensus Ekonomi 2026 yang Dinilai Terlalu Pribadi · kanal: Tribunnews · balasan atas: ""Apa untungnya buat rakyat krn klo nganggur perintah gk mau tau tp klo baru usaha srndiri eh lgs minta pajak""",netral,0.5,,
f45d1db44c3657a1c914d9dc9be226bc,youtube,Betul.,2026-08-15T00:00:00+00:00,https://www.youtube.com/watch?v=fe5XjT4okgg&lc=UgwYk02oJRkap-TkXLt4AaABAg.AZJzITs0e6LAZRL4OAXJA2,"video: Sensus Ekonomi 2026 Tuai Pro Kontra, Bolehkah Warga Menolak Didata? · kanal: Harian Kompas · balasan atas: ""Yg di butuhkan rakyat itu lapangan kerja jgn sensus g penting utk rakyat !""",netral,0.5,,
cafdf87c1f3102e27f885c81d15bcb78,youtube,Bener,2026-08-15T00:00:00+00:00,https://www.youtube.com/watch?v=HSxx8ubHT40&lc=UgwomhuFKv1tuJppqDN4AaABAg.AZ0SzNUSC57AZMc4-kN2wi,"video: UNMASKING THE 2026 ECONOMIC CENSUS AGENDA: IS IT REALLY JUST FOR DATA? · kanal: Sadar Keuangan · balasan atas: ""standar apa yang dipakai, kalau dulu tidak punya usaha dan sekarang punya usaha itu karena ingin memenuhi kebutuhan hidup yang semakin membengkak akibat semua d""",netral,0.5,,
89f3945390bd33361eb09303ccc8353e,youtube,Exactly,2026-08-15T00:00:00+00:00,https://www.youtube.com/watch?v=HSxx8ubHT40&lc=Ugyr3cf59mNwqLdUard4AaABAg.AZ8_zo7NAjxAZicOnwfuvY,"video: UNMASKING THE 2026 ECONOMIC CENSUS AGENDA: IS IT REALLY JUST FOR DATA? · kanal: Sadar Keuangan · balasan atas: ""Pas baca komen, in fact, many of us ada trauma sama pemerintah.""",netral,0.5,,
f84cf4a813fad6a9340fb68493526000,youtube,Ha ha haaaa.......,2026-08-25T00:00:00+00:00,https://www.youtube.com/watch?v=40_SiADcjRI&lc=Ugxvx9D8c8cdo7we42x4AaABAg.A_jWl2ro_0BA_liR52e2jq,"video: Presiden Minta Warga Jujur Isi Sensus Ekonomi 2026, Data Tak untuk Kejar Kekayaan · kanal: Bisniscom · balasan atas: ""Rakyat diminta jujur sedangkan para pejabatnya elitnya maling semua""",netral,0.5,,
523c71503d6e7fed27b9f4018cfcd9f9,youtube,wkwkwk,2026-08-25T00:00:00+00:00,https://www.youtube.com/watch?v=40_SiADcjRI&lc=Ugxvx9D8c8cdo7we42x4AaABAg.A_jWl2ro_0BA_lqQ3zQQsV,"video: Presiden Minta Warga Jujur Isi Sensus Ekonomi 2026, Data Tak untuk Kejar Kekayaan · kanal: Bisniscom · balasan atas: ""Rakyat diminta jujur sedangkan para pejabatnya elitnya maling semua""",netral,0.5,,
290b453f1a1f27ebabdeaf77b4a8b809,youtube,​ @titasari376 lol,2026-09-01T00:00:00+00:00,https://www.youtube.com/watch?v=kDoKE0RtNK0&lc=UgyivORWGJ_LqyTDd_R4AaABAg.AYkbI31wO2CAaCjaqcGWhk,"video: BPS Jawab Kritik Sensus Ekonomi 2026, Janjikan Hal Ini! | SEDANG VIRAL · kanal: Liputan6 · balasan atas: ""​ @Hairnwangka Ah..pajak jaman sekarang kok dibandingkan dengan jaman Nabi. Beda jaman lah.😂""",netral,0.5,,
b9c35b5a7b65dca68af081b8e0c3643e,playstore,Cukup,2026-08-28T09:53:06+00:00,https://play.google.com/store/apps/details?id=id.go.bpsfasih&reviewId=e2d987e6-43d0-4ccd-9a3c-fa8b856d89cd,,netral,0.6,,
2d27d288bc30f793e72ca46ff21a3bfd,youtube,tidak satu pun?,2026-06-15T00:00:00+00:00,https://www.youtube.com/watch?v=qUYuwk-5LFk&lc=UgyP3yLEVXFa0cnC-jd4AaABAg.AXU6tNt5fTNAXV-sI-9htL,"video: || GETTING TO KNOW THE 2026 ECONOMIC CENSUS ‼️|| LATEST BPS INFO UPDATE ‼️ · kanal: Uzma Ulya · balasan atas: ""Didaerah kami Mitra Tambahan zonk,tidak dapat penawaran kerja😅😅😅""",negatif,0.6,,
d84281b2191e87b1f6ccf295063f6692,youtube,Sama saya juga,2026-06-15T00:00:00+00:00,https://www.youtube.com/watch?v=Y479EiUCptA&lc=UgzUJzzyDUeEv2hPePR4AaABAg.AXUpSyRMOBPAXV07nOY1Dn,"video: Tutorial on Using the Gojags Classroom Website for Training 2026 Economic Census Officers! · kanal: MH Channel Official · balasan atas: ""Antrean utk kuis nya lama sekali...dr kemarin belum dapat slot utk kuis😢""",netral,0.6,,
018ecdeff74fc3fb8bd30468bc1d6779,youtube,Iya nih bener,2026-06-15T00:00:00+00:00,https://www.youtube.com/watch?v=14D25RyUWEU&lc=Ugx-UxAQuAxP4PYlpGJ4AaABAg.AXkLd77RSWYAXkLnfsn7hK,"video: ||OVERVIEW OF USING THE FLUENT APPLICATION FOR UPDATING & RECORDING SE2026‼️|| UPDATE INFO SE · kanal: Uzma Ulya · balasan atas: ""Ka bikin video wawancara kepada warga bertani""",netral,0.6,,
4492428c90e3580ae4eeef5cf96c6cd9,youtube,setau saya tidak ka...,2026-06-15T00:00:00+00:00,https://www.youtube.com/watch?v=HZoIT9gm_sM&lc=UgxEZeR03vUH2XyOnxN4AaABAg.AXNz1SvbT9zAXNzffhZZHq,"video: || SE2026 INFO UPDATE‼️ || PPL & PML DUTIES || FIELDWORK WORKLOAD · kanal: Uzma Ulya · balasan atas: ""ppl ub beban kerja seberat ppl biasa atau gak kak?""",netral,0.6,,
c05da81d1694d6c4d6a0a9e1e34a5757,youtube,Gk semuanya kok,2026-06-15T00:00:00+00:00,https://www.youtube.com/watch?v=HvI4w5nVs4o&lc=Ugzgdq6dVGgmtSEHECd4AaABAg.AXrm9IQgds4AXs0s30LwKB,"video: Differences Between Kepka Partners and Additional Partners for the 2026 Economic Census · kanal: MH Channel Official · balasan atas: ""Terkadang suka songong kl dr kepka😒""",negatif,0.6,,
7c44a670645976a43b4b37217e8f603e,youtube,kayaknya lebih deh...,2026-06-15T00:00:00+00:00,https://www.youtube.com/watch?v=K1mKcMU3VTU&lc=UgyF42OQYhnSjIR5JMt4AaABAg.AX3EUQqAA5sAX3GV4Eo-fN,"video: IMPORTANT BPS UPDATE INFO‼️|| SE2026 OFFICER WORK CONTRACT|| BPS PARTNER 2026 · kanal: Uzma Ulya · balasan atas: ""Aku takut klw gajianya cuma 2 😭""",negatif,0.6,,
88077e592d100b681aedd5402ab9bb27,youtube,kemungkinan besar iya ka,2026-06-15T00:00:00+00:00,https://www.youtube.com/watch?v=K1mKcMU3VTU&lc=UgxU2l8XayJgXa0hSaN4AaABAg.AX5yBZeokeeAX5yLl3Ad2H,"video: IMPORTANT BPS UPDATE INFO‼️|| SE2026 OFFICER WORK CONTRACT|| BPS PARTNER 2026 · kanal: Uzma Ulya · balasan atas: ""Kak, apakah yg sdh dapat pakta integritas sdh pasti di terima menjadi mitra bps kak""",netral,0.6,,
79c2cf76b49bf7580e6b7bd43eadff86,youtube,TEORI.,2026-07-15T00:00:00+00:00,https://www.youtube.com/watch?v=eCpIyUGQlyE&lc=Ugw790fZ-3hFLqmSRt54AaABAg,video: 🔴BUKAN VIRAL STORY: Sensus Ekonomi 2026: Petugas Tanya Gaji? Ini Penjelasannya! · kanal: Tribunnews · komentar utama,negatif,0.6,,
eb17865f3621496b7706a7cda6e9f356,youtube,GK mungkin,2026-07-15T00:00:00+00:00,https://www.youtube.com/watch?v=uK1TQpEl5m0&lc=UgyfloajSNEAuWq6djZ4AaABAg.AYfsI6gp__2AYg91LjIYYS,"video: Pentingnya Sensus Ekonomi, Untuk Petakan Ekonomi Masyarakat · kanal: Bisniscom · balasan atas: ""Lantas usahanyah yang menurun mau dibantu gtuh ???""",negatif,0.6,,
79b1777cd70fa54f24da1dd3aa8eccef,youtube,"Ya ,gak lah,,",2026-07-15T00:00:00+00:00,https://www.youtube.com/watch?v=uK1TQpEl5m0&lc=UgyfloajSNEAuWq6djZ4AaABAg.AYfsI6gp__2AYhplL8DzTK,"video: Pentingnya Sensus Ekonomi, Untuk Petakan Ekonomi Masyarakat · kanal: Bisniscom · balasan atas: ""Lantas usahanyah yang menurun mau dibantu gtuh ???""",negatif,0.6,,
3db5e44ccc10ca459d3537d1ae56e99b,youtube,Benar sekali.,2026-07-15T00:00:00+00:00,https://www.youtube.com/watch?v=IB7TTBQwHXk&lc=Ugz1fxsSJrubNzxBDeB4AaABAg.AYckW48_qD9AYewkMH4m3f,"video: Sensus Ekonomi, Ditanya Apa Saja? | Liputan 6 · kanal: Liputan6 · balasan atas: ""Yang disensus seharusnya itu pejabat-pejabat semua institusi negara yang peningkatan hartanya ga sesuai dengan penghasilan. 🔥🔥 Yang doyan G63 Mercedes Lexus LX """,positif,0.6,,
885861d907ccc34fde6acf7cda41dbb1,youtube,Tuh kan,2026-07-15T00:00:00+00:00,https://www.youtube.com/watch?v=K_TOUqU6G5w&lc=UgwulwlWvWqkyBdiZPJ4AaABAg.AYapvhQ9Zv2AYzy5vygbTL,"video: OUTRAGE! BPS ECONOMIC CENSUS REJECTED BY SOME CITIZENS, IS IT JUST A PRETEXT FOR TAXES? · kanal: Ahmad Hilmi Yusuf · balasan atas: ""KENAPA BANYAK DITOLAK ? KARENA RAKYAT SUDAH TIDAK PERCAYA PEMERINTAH. ANGGARAN SENSUS EKONOMI 2026 SEBESAR 2,139 TRILIUN YANG DIAMBIL DARI PAJAK RAKYAT. DAN RAK""",negatif,0.6,,
1ded9f55f0e5bab7deab12d8a01e6111,youtube,sama banget....,2026-07-15T00:00:00+00:00,https://www.youtube.com/watch?v=xhooR0uPb5c&lc=Ugx6FcYmwQiKI1QMIxB4AaABAg.AYaEQKaptgBAYaFVTELKMo,"video: || DO THIS TO KEEP YOUR FASIH DATA SAFE ‼️ || HOW TO BACK UP DATA || HOW TO SAVE TEMPORARILY || · kanal: Uzma Ulya · balasan atas: ""Fasih eror terus""",netral,0.6,,
535bbcb52a1ff31198a9991aba1d0eab,youtube,nah sama dengan saya,2026-07-15T00:00:00+00:00,https://www.youtube.com/watch?v=Fm7H4kAw-Us&lc=UgxcY3Z9U8ES08p_7kh4AaABAg.AYZItEIkKagAYtWjQABe_a,"video: How to Quickly and Efficiently Fill Out Family Member Information in the 2026 Economic Census Fas... · kanal: Himalaya Outdoor Gear · balasan atas: ""ijin bertanya untuk pengsian kepala keluarga itu ada warning dibawahnya warna merah yang salah nya kira-kira dimananya?""",netral,0.6,,
1f2598936233649a5c4e2e7a4a1d3799,youtube,Kocakkkk ahhhhhh,2026-07-15T00:00:00+00:00,https://www.youtube.com/watch?v=yrAE3dsPU24&lc=UgycbShXJn1MiI4pR9x4AaABAg,video: BERI BOCORAN❗ WARGA YANG SUDAH DI SURVEY SENSUS EKONOMI MEMBERIKAN INFO PERTANYAAN YANG AKAN DITANYA · kanal: SJO TV INFORMASI · komentar utama,netral,0.6,,
53a89145b141804381d134646d0e5c35,youtube,anda salah faham bu,2026-08-15T00:00:00+00:00,https://www.youtube.com/watch?v=fe5XjT4okgg&lc=Ugy_5mHTuwGJNQXnMLJ4AaABAg.AZJnApLeN1FAZcJ9L_RQwj,"video: Sensus Ekonomi 2026 Tuai Pro Kontra, Bolehkah Warga Menolak Didata? · kanal: Harian Kompas · balasan atas: ""Sensus niat untuk nagih pajak😂😂😂Bukan bantuan atau yang lain😂""",negatif,0.6,,
3a13be4ab5c451c69398eef9491f37d5,youtube,​ @juripenilaian3630  emang itu ujung2nya.,2026-08-25T00:00:00+00:00,https://www.youtube.com/watch?v=40_SiADcjRI&lc=Ugz-EiTX-_ax3v5iitt4AaABAg.A_lPpCCgc8yA_nwv53l0z5,"video: Presiden Minta Warga Jujur Isi Sensus Ekonomi 2026, Data Tak untuk Kejar Kekayaan · kanal: Bisniscom · balasan atas: ""Ujung ujung nya Pajak😂 membengkak 😂""",negatif,0.6,,
99741da0c0fab12153c0ab120202b918,playstore,like,2026-06-15T08:43:42+00:00,https://play.google.com/store/apps/details?id=id.go.bpsfasih&reviewId=8e5795a5-10d9-44d7-9199-573aa9871fa6,versi aplikasi: 2.16.2,positif,0.7,,
7ee7dd16cbb1ea66bfcc79708eb6d2f7,playstore,Lumayan,2026-06-25T00:26:56+00:00,https://play.google.com/store/apps/details?id=id.go.bpsfasih&reviewId=d9376ee7-ea3d-4d36-a482-aeef46f04249,versi aplikasi: 2.16.4,positif,0.7,,
b2e9e47202614f3e6c3dcb401f54b16a,playstore,oke oke aj,2026-06-25T03:12:06+00:00,https://play.google.com/store/apps/details?id=id.go.bpsfasih&reviewId=600b6f1e-8474-473a-b6e6-7d7aeaa697a5,versi aplikasi: 2.16.3,netral,0.7,,
93ee15a7ffa0377c67e19edbd07e2c36,playstore,semoga lebih baik,2026-06-25T05:13:31+00:00,https://play.google.com/store/apps/details?id=id.go.bpsfasih&reviewId=487aef8a-c98f-4b0d-b4b6-c727a10ef243,versi aplikasi: 2.16.3,negatif,0.7,,
516926a053262220a66175264252dd33,playstore,lebih di kembangkan lagi,2026-07-07T23:10:41+00:00,https://play.google.com/store/apps/details?id=id.go.bpsfasih&reviewId=12359f9c-2c54-4a9b-bab8-2a948f184e1c,versi aplikasi: 2.16.4,negatif,0.7,,
56bb66c3385d1296a4297e7290e42509,playstore,kurang,2026-07-14T12:15:15+00:00,https://play.google.com/store/apps/details?id=id.go.bpsfasih&reviewId=da757673-f430-45ef-ab33-7d90f7d7236e,versi aplikasi: 2.16.6,negatif,0.7,,
c01dc5f48aad6a294ece31242fe58c8c,playstore,hadehhh,2026-08-13T00:56:19+00:00,https://play.google.com/store/apps/details?id=id.go.bpsfasih&reviewId=028afa15-2b4e-4992-a8a8-2ec05cb1898e,,negatif,0.7,,
b2a76329b37d93cfd92164aa4b5133f1,playstore,knapa lagi,2026-08-13T04:33:09+00:00,https://play.google.com/store/apps/details?id=id.go.bpsfasih&reviewId=e29057f2-0519-457f-9c5e-dba1b6bf43e0,versi aplikasi: 2.17.1,negatif,0.7,,
8f9162f69cb1f034cd5887f5ef1d9595,playstore,lumayan lah,2026-08-24T13:29:09+00:00,https://play.google.com/store/apps/details?id=id.go.bpsfasih&reviewId=04ee74bf-37a5-488e-b02b-4032dd4e2592,versi aplikasi: 2.17.3,positif,0.7,,
abdc653ab890f6549b66afbae68c83d5,playstore,sesuai,2026-09-04T14:10:30+00:00,https://play.google.com/store/apps/details?id=id.go.bpsfasih&reviewId=c65222ea-c3bf-4315-b4dc-ba80b61bde88,versi aplikasi: 2.17.3,positif,0.7,,
0812436ec34f695df844acec304c9883,youtube,"betul, ini mencakup semua,",2026-06-15T00:00:00+00:00,https://www.youtube.com/watch?v=14D25RyUWEU&lc=UgyXvCkfHB0ibmFbrG54AaABAg.AXfpH2fOFpVAXfuPYLBUcn,"video: ||OVERVIEW OF USING THE FLUENT APPLICATION FOR UPDATING & RECORDING SE2026‼️|| UPDATE INFO SE · kanal: Uzma Ulya · balasan atas: ""Dulu sy pernah jd petugas sensus penduduk.Aplikasi nya Fasih jg mirip.Tp,yg Sensus Ekonomi ini lebih detail lg..""",positif,0.7,,
544c77446f61806ab3652dfac1a0b535,youtube,usaha besar,2026-06-15T00:00:00+00:00,https://www.youtube.com/watch?v=17nuPyEGfyI&lc=Ugxtizh8_ARnRMWqLKh4AaABAg.AXRG3X5V-4LAXRNIJA3q0G,"video: UPDATE INFO SE2026!!! || DATA COLLECTION MODE || LATEST INFORMATION FROM BPS · kanal: Uzma Ulya · balasan atas: ""Ub apa kak?""",positif,0.7,,
153d2fe9b55e3c8aa509a4d14cdac081,youtube,Sejauh ini belum bisa,2026-06-15T00:00:00+00:00,https://www.youtube.com/watch?v=Y479EiUCptA&lc=UgwHHAl0pGDrS8grBuB4AaABAg.AXYpY_Bcg4mAX_aub1jL-Z,"video: Tutorial on Using the Gojags Classroom Website for Training 2026 Economic Census Officers! · kanal: MH Channel Official · balasan atas: ""ada kesalahan nama, apakah masih bisa di edit ya min?""",negatif,0.7,,
d6febef0722a31815cbbf1ad60dbd7b4,youtube,susah ya....,2026-06-15T00:00:00+00:00,https://www.youtube.com/watch?v=HBCmYjbvr64&lc=UgwD-B00v_J4O9wfP694AaABAg.AXSrI-pCcs1AXTIpiVRDSU,"video: || HOW TO ACCESS MOOC FOR OFFICERS IN SE2026‼️ ECONOMIC CENSUS INFO UPDATE ‼️ · kanal: Uzma Ulya · balasan atas: ""Baru konfirmasi identitas sudah eror ni pakai hp""",negatif,0.7,,
172047faf0370099f2f4855c5c7e90ab,youtube,Kendala yang sama,2026-06-15T00:00:00+00:00,https://www.youtube.com/watch?v=HBCmYjbvr64&lc=UgwdaFpZLfy1sXlxffR4AaABAg.AXXKT2em4qeAXeYLOT_ywN,"video: || HOW TO ACCESS MOOC FOR OFFICERS IN SE2026‼️ ECONOMIC CENSUS INFO UPDATE ‼️ · kanal: Uzma Ulya · balasan atas: ""Bagaiman cara edit data untuk sertifikat yang keliru ???""",negatif,0.7,,
8468866b808d4161884874b05319e730,youtube,Wkwkwkw ngawurr,2026-06-15T00:00:00+00:00,https://www.youtube.com/watch?v=8FqseY50PAg&lc=UgwyvCqvJLpYguop8g14AaABAg.AX8ojsUqQ0JAXJ9LQGQ-1m,"video: SE2026 INFO UPDATE ‼️ || TRAINING METHODS | WORK CONTRACTS | WORKLOAD | DATA COLLECTION MODES || · kanal: Uzma Ulya · balasan atas: ""ternyata jadi petugas sensus bisa kalau ada orang dalem""",negatif,0.7,,
88701ddd09a92955426b3fbe13949286,youtube,saya belum terima ka...,2026-06-15T00:00:00+00:00,https://www.youtube.com/watch?v=HZoIT9gm_sM&lc=UgwJqTLnZ_jY0Xtrm4x4AaABAg.AXO2TM1s2arAXO7wT-z11G,"video: || SE2026 INFO UPDATE‼️ || PPL & PML DUTIES || FIELDWORK WORKLOAD · kanal: Uzma Ulya · balasan atas: ""Apa sdh ada pdf buku pedomannya bu""",negatif,0.7,,
0083e41fe7b5b4092b66b3b15db1ea91,youtube,​ @shabrinaputriardhani sama ini ko bgni ya,2026-06-15T00:00:00+00:00,https://www.youtube.com/watch?v=tF0qnJDrk1g&lc=UgzOeNorJU6EGGugJ2F4AaABAg.AWrFnTpianZAWrI1ooXUcb,"video: Cara Ujian Tes Kompetensi Mitra BPS 2026 Terbaru Badan Pusat Statistik  · kanal: Tongbos · balasan atas: ""​ @shabrinaputriardhani Eror kali web'nya""",negatif,0.7,,
500274451435cfd37472e7563cd8841b,youtube,​iya nilainya gk ada,2026-06-15T00:00:00+00:00,https://www.youtube.com/watch?v=tF0qnJDrk1g&lc=Ugx7pJmTN0aiqgrB0q94AaABAg.AWrgZe4e3NkAWs4dddNYhi,"video: Cara Ujian Tes Kompetensi Mitra BPS 2026 Terbaru Badan Pusat Statistik  · kanal: Tongbos · balasan atas: ""​ @Maura3235 😂😂 Apakh sama nilai tdk mncl stlah slsai ujian k? Soalnya saya pnya tdk mncl""",negatif,0.7,,
e06d149922ab9c7f97aa6e95c288c7d9,youtube,Setuju,2026-07-15T00:00:00+00:00,https://www.youtube.com/watch?v=VWSz4FkDcZk&lc=UgxiJt6eknzHq5xkf5V4AaABAg.AYIt3Q6k4JpAYRa_o3HSKC,"video: Sensus Ekonomi 2026 Resmi Dimulai, BPS Minta Masyarakat Jujur Saat Didata · kanal: CNN Indonesia · balasan atas: ""Bukan masalah data dirahasiakan atau nggak. Justru yg ditakutkan pemerintah nyari celah buat pajak njiNG""",positif,0.7,,
5fa35b3a4d41c3643fb6a8eae38c29d0,youtube,Nah setuju banget,2026-07-15T00:00:00+00:00,https://www.youtube.com/watch?v=VWSz4FkDcZk&lc=UgzAg59TPoqw4rl8u6l4AaABAg.AYLw9tOQLyZAYQrO9hXl0h,"video: Sensus Ekonomi 2026 Resmi Dimulai, BPS Minta Masyarakat Jujur Saat Didata · kanal: CNN Indonesia · balasan atas: ""Kalau sensus ekonomi 2026 , saya siap jujur sejujur2nya , omset nol . Biar mereka tau spt apa kondisi ekonomi saat ini .""",positif,0.7,,
43aa45f3d0ae179d7eec2ba107db9bc7,youtube,Betoool,2026-07-15T00:00:00+00:00,https://www.youtube.com/watch?v=kDoKE0RtNK0&lc=UgxJpxzw2dypgQTQTGN4AaABAg.AYkeT9u9bxmAYrbE5S9wer,"video: BPS Jawab Kritik Sensus Ekonomi 2026, Janjikan Hal Ini! | SEDANG VIRAL · kanal: Liputan6 · balasan atas: ""Koruptor yang perlu di sensus mah, biar tau rakyat uang pajak lari nya kemana,😂😂😂""",positif,0.7,,
8b58407e5476424a1680e6aab7633f74,youtube,Betooolll,2026-07-15T00:00:00+00:00,https://www.youtube.com/watch?v=kDoKE0RtNK0&lc=UgxJpxzw2dypgQTQTGN4AaABAg.AYkeT9u9bxmAYsLR62SenK,"video: BPS Jawab Kritik Sensus Ekonomi 2026, Janjikan Hal Ini! | SEDANG VIRAL · kanal: Liputan6 · balasan atas: ""Koruptor yang perlu di sensus mah, biar tau rakyat uang pajak lari nya kemana,😂😂😂""",positif,0.7,,
953139be409c43206283323baf07127e,youtube,​ @afzant_collection btul,2026-07-15T00:00:00+00:00,https://www.youtube.com/watch?v=ETBOpe6LipQ&lc=Ugw1CZFaXNv-1MB1Rql4AaABAg.AY6BfAArkr_AY6Hb326vrm,"video: 2026 Economic Census Guide: How to Input Empty Houses & Buildings in the Fasih App · kanal: MH Channel Official · balasan atas: ""@mhchannelofficial28 ini MH Channel Official betul, ini""",positif,0.7,,
a04714250648fc7b451f1ba43bc5a12c,youtube,Ya gpp data aja,2026-07-15T00:00:00+00:00,https://www.youtube.com/watch?v=ETBOpe6LipQ&lc=Ugw5aKJkXbyCz9LTGpV4AaABAg.AYC6PjOqBDQAYC7OkriPfU,"video: 2026 Economic Census Guide: How to Input Empty Houses & Buildings in the Fasih App · kanal: MH Channel Official · balasan atas: ""Kalu bangunan kosong kita mau nambah assigment baru,,orangnya sudah meninggal,, itu bagaimana kk""",positif,0.7,,
69246487bbde95d33c1ed8c748583c89,youtube,Benar itu,2026-07-15T00:00:00+00:00,https://www.youtube.com/watch?v=WOOvtNfk4Vs&lc=UgwQ8d0Pru3fqH6VFD54AaABAg.AYb-Znc8-udAYfig8kjd-Q,"video: [HEADLINE NEWS, 28/06] BPS Ajak Warga Sukseskan Sensus Ekonomi 2026 · kanal: METRO TV  · balasan atas: ""Pejabat dulu dong yg disensus...kasih contoh ke rakyat menjawab kekayaan dg jujur...bisa nggak? 😂""",positif,0.7,,
32b02c693fca1a2367a03549d56530fc,youtube,Cocook.!,2026-07-15T00:00:00+00:00,https://www.youtube.com/watch?v=6DJrebErRbc&lc=UgzvxNDsYOcs3WeoqzN4AaABAg.AYcAJMWlxlFAYfGSjiKxhp,"video: WARGA INDONESIA HEBOH‼️PETUGAS SENSUS EKONOMI DIMARAHI SAAT DITANYA GAJI : ENGGAK BOLEH, PRIVASI! · kanal: Ahmad Hilmi Yusuf · balasan atas: ""Pemerintah Indonesia, sensus saja MBG dan kopdes merah putih. Apakah berjalan dengan sesuai dengan tujuan ? Tidak perlu sensus kehidupan masyarakat. ! Sensus sa""",positif,0.7,,
6322cb738a4ab0155d1aea1a57f6488e,youtube,Anda super genius,2026-07-15T00:00:00+00:00,https://www.youtube.com/watch?v=TOuikb9xt2Y&lc=UgxI78PEafY9j3-8s7N4AaABAg.AYWybUb4TgeAYYKg4DIgGK,"video: Sensus Ekonomi 2026 Resmi Dimulai | Fokus · kanal: Fokus Indosiar · balasan atas: ""Usir trus tutup rumah...""",positif,0.7,,
edfe835785fe8c7c37f074e63486a446,youtube,setujuuuu..,2026-07-15T00:00:00+00:00,https://www.youtube.com/watch?v=TOuikb9xt2Y&lc=UgxI78PEafY9j3-8s7N4AaABAg.AYWybUb4TgeAYawuoY4wU8,"video: Sensus Ekonomi 2026 Resmi Dimulai | Fokus · kanal: Fokus Indosiar · balasan atas: ""Usir trus tutup rumah...""",positif,0.7,,
464303278557991dff3317447e5ad9e3,youtube,Anda super sekali,2026-07-15T00:00:00+00:00,https://www.youtube.com/watch?v=TOuikb9xt2Y&lc=Ugw9J7XMvDCSTjD1BHR4AaABAg.AYWuKaa9Rd4AYYKl1BBr-g,"video: Sensus Ekonomi 2026 Resmi Dimulai | Fokus · kanal: Fokus Indosiar · balasan atas: ""Buat ngambil pajak""",positif,0.7,,
528a7a4cadfc03b08a494cd0fa0cafe8,youtube,btulll skali..,2026-07-15T00:00:00+00:00,https://www.youtube.com/watch?v=TOuikb9xt2Y&lc=UgwPX65WiogwuGIuWst4AaABAg.AYXaaeUW6r0AYaw_uD3YTl,"video: Sensus Ekonomi 2026 Resmi Dimulai | Fokus · kanal: Fokus Indosiar · balasan atas: ""Tutup pintu klo mereka datang""",positif,0.7,,
b4a269804ba073eafa821c799178ef6c,youtube,Nah harus gini,2026-07-15T00:00:00+00:00,https://www.youtube.com/watch?v=f3bbUyBMcPk&lc=UgxdO98a6Gzam-kSoHJ4AaABAg,video: Stories from SE2026 Officers While Collecting KDM Data · kanal: BPS Jabar · komentar utama,positif,0.7,,
27949aea1ab2e5dc15b5622dfb9c1851,threads,Ada uu kalau nolak.,2026-06-20T11:49:53+00:00,https://www.threads.net/t/DZzllMpgdlc,,negatif,0.8,,
323dd3b54201c0899134862aa084ac99,playstore,bosok,2026-06-15T09:34:19+00:00,https://play.google.com/store/apps/details?id=id.go.bpsfasih&reviewId=6f51b021-8e9b-42aa-8d7b-211de37668bc,versi aplikasi: 2.16.3,negatif,0.8,,
290986c009e186f6813ba42a94a4bb74,playstore,MantapFasih,2026-06-15T15:45:41+00:00,https://play.google.com/store/apps/details?id=id.go.bpsfasih&reviewId=d77184c5-2bf2-46c6-b2f9-bc1bb0fd574d,versi aplikasi: 2.16.3,positif,0.8,,
93c5a22be511315578ecfce351dcab4b,playstore,MINIMAL MIKIR KIDS,2026-06-16T23:04:14+00:00,https://play.google.com/store/apps/details?id=id.go.bpsfasih&reviewId=9882d701-a540-442b-b95c-19350bbeda2b,,negatif,0.8,,
91e9576abda5af08468d472740bd332c,playstore,selalu minta update !,2026-06-19T20:48:37+00:00,https://play.google.com/store/apps/details?id=id.go.bpsfasih&reviewId=a4735e96-2d92-4473-b904-4ed625bec921,versi aplikasi: 2.16.3,negatif,0.8,,
711796a015a29880addbd639ad2fa95e,playstore,jos jiss,2026-06-22T13:11:36+00:00,https://play.google.com/store/apps/details?id=id.go.bpsfasih&reviewId=5f93ee3c-829c-4307-b32b-38913acb1514,versi aplikasi: 2.16.3,positif,0.8,,
2caa427305740f97d0078cff49a5915a,playstore,Top,2026-06-24T09:57:13+00:00,https://play.google.com/store/apps/details?id=id.go.bpsfasih&reviewId=03f3feef-f315-49f2-be03-9f4fa090998c,versi aplikasi: 2.16.3,positif,0.8,,
5c413418f8ec695fa0967182e3844c60,playstore,gajelassss,2026-06-24T22:44:01+00:00,https://play.google.com/store/apps/details?id=id.go.bpsfasih&reviewId=fa5fd23e-e3cc-455c-bb8b-9d6de566c686,versi aplikasi: 2.16.3,negatif,0.8,,
2a9d13b47f30029b1f64af301d5e01b2,playstore,semoga semakin baik,2026-06-25T00:11:55+00:00,https://play.google.com/store/apps/details?id=id.go.bpsfasih&reviewId=3707799b-a723-428a-b995-da0a2afd8193,versi aplikasi: 2.16.3,positif,0.8,,
8a59fe95e1cf2037c953191afa0533ac,playstore,fasrah,2026-06-25T09:04:26+00:00,https://play.google.com/store/apps/details?id=id.go.bpsfasih&reviewId=dea16122-8546-45e3-9a30-66f6dcf33393,,negatif,0.8,,
daf39b842b1dda5b0adb3f4516e11434,playstore,josss,2026-06-25T10:01:59+00:00,https://play.google.com/store/apps/details?id=id.go.bpsfasih&reviewId=62ae7322-d6dc-4f8e-b6f1-8a4a306119d2,versi aplikasi: 2.16.4,positif,0.8,,
bd1b890dbbc0ea93411a980ec85bfe6f,playstore,tolong ditingkatkan lagi,2026-06-25T10:56:33+00:00,https://play.google.com/store/apps/details?id=id.go.bpsfasih&reviewId=18316382-fdb2-4eb7-9f5f-48c19573e5be,versi aplikasi: 2.16.3,negatif,0.8,,
f135238f14c7f299363efc19166f5e63,playstore,moga semakin membantu,2026-06-25T13:00:33+00:00,https://play.google.com/store/apps/details?id=id.go.bpsfasih&reviewId=16140d0a-8cdb-4e7c-98ea-2de05154561a,versi aplikasi: 2.16.3,positif,0.8,,
ba60b34bf2af3bdaa7bd512d24fb5ec9,playstore,terus berkembang,2026-06-26T08:23:29+00:00,https://play.google.com/store/apps/details?id=id.go.bpsfasih&reviewId=af8b1653-1093-4b31-ba24-b4d345c60f12,,positif,0.8,,
15fafc9b7e90046751c3e79d5235a3dd,playstore,Aplikasi pukii gozii,2026-06-26T16:32:13+00:00,https://play.google.com/store/apps/details?id=id.go.bpsfasih&reviewId=766a7aac-48ca-46a4-8fe0-ecca3dd464fc,,negatif,0.8,,
9f2374c36e512b7cf04c540128a2cfa2,playstore,cuih,2026-06-26T21:08:53+00:00,https://play.google.com/store/apps/details?id=id.go.bpsfasih&reviewId=21e76a62-7d2a-4756-b8fa-a25d039b29ee,versi aplikasi: 2.16.4,negatif,0.8,,
ad2bf5dbd584fa65561a569f06c738fd,playstore,kurang sada,2026-06-26T21:15:42+00:00,https://play.google.com/store/apps/details?id=id.go.bpsfasih&reviewId=04567a47-76ca-4a29-a56c-7fc087067e26,versi aplikasi: 2.16.4,negatif,0.8,,
41d68f8e010971d47f29211821c334b5,playstore,hanya bisa Fasrah,2026-06-27T20:22:30+00:00,https://play.google.com/store/apps/details?id=id.go.bpsfasih&reviewId=d202406b-2b48-4dd1-83a6-8a572b32e182,versi aplikasi: 2.16.4,negatif,0.8,,
c2a977d16f8efa39fd368aa56fa1ece5,playstore,lemoot,2026-06-28T13:51:33+00:00,https://play.google.com/store/apps/details?id=id.go.bpsfasih&reviewId=50bfafe0-fc63-43cc-97bd-0b11a1b3b863,versi aplikasi: 2.16.4,negatif,0.8,,
24d5ed2a6f2c9d87ef1bc369955250c4,playstore,Tambah fitur mode gelap,2026-07-01T13:34:46+00:00,https://play.google.com/store/apps/details?id=id.go.bpsfasih&reviewId=dd3cc518-157e-4a60-9b8d-5b7d397a85ec,versi aplikasi: 2.16.4,netral,0.8,,
48e22fe375fa2d7dcc47b5f10470dc8b,playstore,Josssss...,2026-07-02T08:41:21+00:00,https://play.google.com/store/apps/details?id=id.go.bpsfasih&reviewId=0c9ee20a-4aee-4e92-8777-832756d087c6,,positif,0.8,,
6ad0c10072bb194be901d4143378c1f9,playstore,sejauh ini masih aman.,2026-07-07T21:16:25+00:00,https://play.google.com/store/apps/details?id=id.go.bpsfasih&reviewId=c080bd3e-fbe0-41a5-8a52-a352f2f2a200,,positif,0.8,,
fe6b3851785c078512551cee012316ea,playstore,mendukung di pekerjaan,2026-07-08T10:18:39+00:00,https://play.google.com/store/apps/details?id=id.go.bpsfasih&reviewId=7a775540-2531-491c-8ed0-b361293fab86,versi aplikasi: 2.16.5,positif,0.8,,
fc4404eaccac2dcfa221bea08cec902c,playstore,banyak update bangettt,2026-07-12T09:15:48+00:00,https://play.google.com/store/apps/details?id=id.go.bpsfasih&reviewId=a4fe3cdc-4b50-4a98-ac7c-59934441e9ae,versi aplikasi: 2.16.5,positif,0.8,,
827dfd0afa6d3826c75a1c076ea1fd69,playstore,mntp 2 digit,2026-07-16T23:01:42+00:00,https://play.google.com/store/apps/details?id=id.go.bpsfasih&reviewId=0974af23-4ca6-44f4-91d7-a92eed3d5281,versi aplikasi: 2.16.6,positif,0.8,,
8b6a0e0a6d6ebb4c053178fa7e4f42e8,playstore,"emm gimana yaa, kadang worth it, kadang nyebelin, kadang nyenengin tapi klo dh ijo",2026-06-24T22:20:24+00:00,https://play.google.com/store/apps/details?id=id.go.bpsfasih&reviewId=dd7b6c41-54f7-476e-8441-d96315f6d681,versi aplikasi: 2.16.3,netral,0.6,,
e16ccb2b96e9abc67bdf5a3163e105f5,threads,"setau aku sebaiknya di terima ka ,klo di tolak kasian petugasnya ,krna mreka harus trs kerumah kk nya sampe 3x klo msh gmw jg nnti PML nya atau atasnya ikut buat ngedata nemenin,klo msh gmw jg nnti petugasnya minta bantuan RT RW ,ya begitulah ka",2026-06-20T12:51:42+00:00,https://www.threads.net/t/DZzllMpgdlc,,positif,0.8,,
96d1077c0e561213bf1dbe23f7637d7c,threads,"Tips jawab 1. Pegawai 2. Gaji 4jt pak, pengeluaran 10jt. Makan bisa makan ana alhamdulillah 3. Cm pajangan pak. 4. Gk bs beli token. Pdam mandi numpang d spbu 5. 3kg 6. Ada 2. Tp stnk mati g kuat bayar pajak 7. Alhamdulillah pak tinggal alun2 kota aja. 8. Ngontrak pak 9. Rawat anak 10. Rencana bisnis santet sih pak. Mau nyoba nyantet pemerintah Kira2 bakal gmn d laporan mereka nantinya",2026-06-20T23:48:01+00:00,https://www.threads.net/t/DZzY-pgkxFO,,negatif,0.8,,
a455fa2c610a7706a99c04d64cf45a6e,threads,"Yang ngeri usaha grup 5-6 orang, semua anggota dianggap punya usaha ya bener tapi itu usaha dah lama tutup karena banyak faktor, belum yang punya tanaman buah, kelapa atau sekedar pelihara ayam beberapa ekor. Sesekali jual itu juga kondisional. Gak tiap tahun jual",2026-09-10T09:24:05+00:00,https://www.threads.net/t/DdFmde-Erjq,,negatif,0.8,,
02befca57c1dec5efec7315ef287c03c,playstore,mudah mudahan berjalan lancar gak ada kendala lg,2026-06-15T09:12:23+00:00,https://play.google.com/store/apps/details?id=id.go.bpsfasih&reviewId=d95d8b43-c465-4c08-a0e0-4015472dcf3b,versi aplikasi: 2.16.3,netral,0.7,,
8d28f5cefda2451566033ce8b1f30873,playstore,menggunakan fasih pertama kali cukup mendebarkan,2026-08-13T04:01:59+00:00,https://play.google.com/store/apps/details?id=id.go.bpsfasih&reviewId=d01a12f2-1f7c-4db3-8c40-878b37c6850d,versi aplikasi: 2.17.1,netral,0.7,,
b65144ccc796c447d8cc4a5b63aa3ad7,playstore,kirain bakal di hilangkan photo dalam rumah 😃,2026-08-23T21:25:14+00:00,https://play.google.com/store/apps/details?id=id.go.bpsfasih&reviewId=d0f4b016-e48e-473a-8893-381ce630a505,versi aplikasi: 2.17.3,netral,0.7,,
89fdbef0a17f939e8fdea9423bb741aa,threads,"Kalau gx salah ini sensus ekonomi diadakan 10 tahun sekali.arti nya ini bukan ujuk2 dilakukan, sama juga dengan sensus penduduk. Kalau tidak mau di data dan dikunjungi lebih baik keluar saja dari Indonesia.",2026-06-20T12:35:32+00:00,https://www.threads.net/t/DZzllMpgdlc,,negatif,0.85,,
d7d547ae4d09aeda6aaf4837b680e281,threads,"Wihh.gak nyangka bakal se-rame ini Buat warga Thread, jujurly Saya bikin utasan ini gak ada mksd apa2 ya. Kl dari Saya Petugasnya ramah, kami ngobrol dgn santai juga. Cuma mmg mngkn kedatangan mereka kali ini mengenai Sensus Ekonomi 2026 rasanya ""Timing-nya"" krg pas saja. Krn kita tau bhw kondisi ekonomi hari2 ini sedang krg baik2 saja. SARAN dari Saya bila petugas dtng tetap di welcome aja. Mereka hny menjalankan tugas. Jwb seperlunya aja. Ok, sekian & trimakasih",2026-06-20T12:51:32+00:00,https://www.threads.net/t/DZzY-pgkxFO,,negatif,0.85,,
13f3c1b59001db97e117000f247c6106,threads,"Ini yg pada nolak tuhh knpaa ya? Anehh ajaa gituu. Kmren teriak2 pengen negara hadir dngan kondisi rakyatnya, tpi gmna negea tauu klo rakyatnya gk ksih tau kondisinya gmna. Di sensus ituu tuh pasti ada manfaatnya gk ngasal ngedata aja buat apa cbaa.",2026-06-20T13:27:17+00:00,https://www.threads.net/t/DZzllMpgdlc,,positif,0.85,,
7b4c1f4ad7fb2ad940949ded8d16f34a,threads,"Yang gak bakal ditanya : 1.Punya hutang berapa pak? 2.Apakah penghasilan bapak sudah mencukupi untuk kebutuhan hidup sekeluarga? 3.Sebagai warga negara dan rakyat, bagaimana tingkat kepuasan bapak terhadap kinerja pemerintah? 4.Sebagai warga negara dan rakyat, apakah bapak sudah bahagia hidup di negara ini?",2026-06-20T14:32:41+00:00,https://www.threads.net/t/DZzY-pgkxFO,,negatif,0.85,,
e7351cca877f3a577b9b72fd195c4e65,threads,"Jalan di Mall memang kalahh, Tapi kalo jalan di Hutan bolehh diadu Forester jadi Petugas Sensus Ekonomi Nalurii Rimbawati_nya merontah-rontahh eaaa Yg penting Responden tetap Open House ajeee Trimakasih utk Para Responden yg selalu menerima dgn baikk kedatangan Petugas Sensus Ketua masih favorit disini dulu, Kamu favoritnya dimana? sensusekonomi2026 se2026 mitrabps2026",2026-07-16T16:33:00+00:00,https://www.threads.net/t/Da3FBAgGy57,,positif,0.85,,
8b32d68807c9690f5fc9cfc890402c08,threads,"Baru tadi sore didatangi orang Sensus Ekonomi, singkat padat dan jelas saya bilang : saya menolak di sensus. Petugas cuma nanya nama , udah beres. Aku mikir tumben nih petugas g tanya apa alasannya Tapi ya sudahlah, beres",2026-08-26T11:28:34+00:00,https://www.threads.net/t/DcgGxKNEtNe,,negatif,0.85,,
6466f86b5b7754d4778632655d25b9b5,threads,"Wkwkwk, terlalu lelah kak. Udah di penghujung pendataan, kalau gamau ya udah paling ditandain menolak. Responden ku juga banyak yg gitu. Malah perhari ini ada yg abis lapor kelurahan rumahnya ga didatengin petugas, pas tadi ku datengin rumahnya, ternyata aku udah bolak balik kesana 7 kali bareng dawis, gapernah ada orang wkwkwk. Tapi ngakunya istri IRT ada dirumah terus:)",2026-08-27T10:38:16+00:00,https://www.threads.net/t/DcgGxKNEtNe,,negatif,0.85,,
5c7625083e524a8a9f6ea4dfbef058d7,threads,"Wkwwk bro kena mental, fyi cuma mau bilang, SE kali ini emg berat, Krena masalah ekonomi org2 dan kena kebijakan baru persoalan desil, wajar aja lu kena mental bg. Tapi nyatanya ada sensus dan survey yg ga ada kaitannya sma itu. Jadinya aman aman aja kalo buat ngikut lagi. Lu itu kena mental kerna baru ikut dan langsung kena SE 2026 yg keras",2026-09-08T17:29:47+00:00,https://www.threads.net/t/Dc_H9hDmXX5,,negatif,0.85,,
b352157b439fba9dfd83dd3bfdada158,threads,"Kalau disini pas akhir Agustus disuruh nyisir usaha lagi kemudian dibenerin petanya. Coba cek kontrak kerjanya lagi, disitu tertulis sampai tgl 15 September, betul? Memang seperti ini budayanya saya juga kaget.",2026-09-10T15:53:10+00:00,https://www.threads.net/t/DdFmde-Erjq,,negatif,0.85,,
